,track_id,track_name,danceability,loudness,acousticness,liveness,valence,tempo
0,7gaA3wERFkFkgivjwbSvkG,"yes, and?",0.788,-6.513,0.198,0.104,0.823,119.008
1,17phhZDn6oGtzMe56NuWvj,Lose Control,0.561,-4.409,0.199,0.104,0.242,159.92
2,3rUGC1vUpkDG9CZFHMur1t,greedy,0.75,-3.18,0.256,0.114,0.844,111.018
3,7CyPwkp0oE8Ro9Dd5CUDjW,"One Of The Girls (with JENNIE, Lily Rose Depp)",0.522,-6.287,0.0545,0.162,0.202,87.51
4,52eIcoLUM25zbQupAZYoFh,redrum,0.624,-8.445,0.00529,0.5,0.246,172.089
5,4xhsWYTOGcal8zt0J161CU,Lovin On Me,0.943,-4.911,0.0026,0.0937,0.606,104.983
6,6XaJfhwof7qIgbbXO5tIQI,Igual Que Un Ángel (with Peso Pluma),0.685,-5.36,0.00348,0.183,0.464,107.999
7,2IGMVunIBsBLtEQyoI1Mu7,Paint The Town Red,0.868,-8.603,0.269,0.0901,0.732,99.968
8,5aIVCx5tnk0ntmdiinnYvw,Water,0.673,-3.495,0.0856,0.137,0.519,117.187
9,0mflMxspEfB0VbI1kyLiAv,Stick Season,0.662,-6.894,0.782,0.102,0.817,117.913
10,1BxfuPKGuaTgP7aM0Bbdwr,Cruel Summer,0.552,-5.707,0.117,0.105,0.564,169.994
11,5mjYQaktjmjcMKcUIcqz4s,Strangers,0.628,-8.307,0.701,0.219,0.416,169.982
12,4iZ4pt7kvcaH6Yo8UoZ4s2,Snooze,0.559,-7.231,0.141,0.11,0.392,143.008
13,1yeB8MUNeLo9Ek1UEpsyz6,Rich Baby Daddy (feat. Sexyy Red & SZA),0.645,-4.56,0.0377,0.384,0.142,146.01
14,2Zo1PcszsT9WQ0ANntJbID,Feather,0.787,-4.37,0.0893,0.0927,0.836,123.51
15,6wf7Yu7cxBSPrRlWeSeK0Q,"What Was I Made For? [From The Motion Picture ""Barbie""]",0.444,-17.665,0.959,0.098,0.142,78.403
16,6tNQ70jh4OwmPGpYy6R2o9,Beautiful Things,0.472,-5.692,0.151,0.14,0.219,105.029
17,1kuGVB7EU95pJObxwvfwKS,vampire,0.511,-5.745,0.177,0.291,0.35,138.005
18,6uTPdRrEDeH8Fyg5L5qmeU,Never Lose Me,0.781,-7.857,0.0504,0.0981,0.0743,121.964
19,1udwFobQ1JoOdWPQrp2b6u,Surround Sound (feat. 21 Savage & Baby Tate),0.575,-7.302,0.173,0.257,0.471,75.956
20,7dJYggqjKo71KI9sLzqCs8,Agora Hills,0.75,-6.128,0.228,0.122,0.392,123.026
21,4OMJGnvZfDvsePyCwRGO7X,Houdini,0.744,-4.876,0.0036,0.0947,0.866,116.985
22,4E63weMCaNZuGPEFMnuEi8,exes,0.821,-6.57,0.173,0.114,0.611,136.962
23,3vkCueOmm7xQDoJ17W1Pm3,My Love Mine All Mine,0.504,-14.958,0.868,0.158,0.121,113.95
24,0WtM2NBVQNNJLh6scP13H8,Calm Down (with Selena Gomez),0.801,-5.206,0.382,0.114,0.802,106.999
25,6VciS3dRMpZhJiDxT8ArFi,"Young Miko: Bzrp Music Sessions, Vol. 58",0.704,-8.212,0.588,0.117,0.443,96.016
26,4KULAymBBJcPRpk1yO4dOG,I Remember Everything (feat. Kacey Musgraves),0.429,-7.746,0.554,0.102,0.155,77.639
27,6WzRpISELf3YglGAh7TXcG,Popular (with Playboi Carti & Madonna) - From The Idol Vol. 1 (Music from the HBO Original Series),0.855,-6.276,0.0569,0.412,0.852,99.029
28,4MjDJD8cW7iVeWInc2Bdyj,MONACO,0.787,-5.009,0.15,0.58,0.13,139.056
29,1vYXt7VSjH9JIM5oRRo7vA,Dance The Night - From Barbie The Album,0.671,-4.93,0.0207,0.329,0.775,110.056
30,7x9aauaA9cu6tyfpHnqDLo,Seven (feat. Latto) (Explicit Ver.),0.802,-4.107,0.311,0.0815,0.89,124.997
31,1Iq8oo9XkmmvCQiGOfORiz,Is It Over Now? (Taylor's Version) (From The Vault),0.596,-7.346,0.0504,0.127,0.176,100.012
32,05WVKTdZhlIMX4qqMLuo0f,BELLAKEO,0.72,-2.834,0.0562,0.153,0.463,180.011
33,0cVyQfDyRnMJ0V3rjjdlU3,Lil Boo Thang,0.85,-3.292,0.152,0.32,0.915,114.481
34,1Qrg8KqiBpW07V7PNxwwwL,Kill Bill,0.644,-5.747,0.0521,0.161,0.418,88.98
35,0R6NfOiLzLj4O5VbYSJAjf,La Diabla,0.751,-4.372,0.255,0.236,0.697,131.842
36,17cia5k4BpGVlyEfqrFH50,Can’t Catch Me Now - from The Hunger Games: The Ballad of Songbirds & Snakes,0.518,-7.76,0.855,0.119,0.234,141.934
37,59NraMJsLaMCVtwXTSia8i,Prada,0.638,-5.804,0.001,0.113,0.422,141.904
38,0LMwmV37RCmBO2so0szAFs,Whatever,0.576,-5.678,0.114,0.333,0.596,107.943
39,1a73gcEg6h6Re6hHXoVltJ,FTCU,0.928,-6.751,0.0175,0.118,0.242,144.995
40,2KslE17cAJNHTsI2MI0jb2,Standing Next to You,0.711,-4.389,0.0447,0.339,0.816,106.017
41,7bywjHOc0wSjGGbj04XbVi,LUNA,0.774,-2.888,0.131,0.116,0.446,100.019
42,4rXLjWdF2ZZpXCVTfWcshS,fukumean,0.847,-6.747,0.119,0.285,0.22,130.001
43,6wsqVwoiVH2kde4k4KKAFU,I KNOW ?,0.927,-4.441,0.0186,0.104,0.817,117.995
44,5sdQOyqq2IDhvmx2lHOpwd,Super Shy,0.776,-6.018,0.18,0.146,0.515,149.921
45,17CWWoszMuoGecCJzmOubE,J CHRIST,0.747,-6.447,0.0589,0.451,0.89,149.893
46,5Eh1nj7IjV9lwpcKAkidyY,One Of Your Girls,0.629,-7.852,0.0878,0.22,0.799,93.034
47,2HafqoJbgXdtjwCOvNEF14,Si No Estás,0.537,-8.72,0.827,0.138,0.524,98.224
48,1odExI7RdWc4BT515LTAwj,Daylight,0.508,-9.475,0.83,0.093,0.324,130.09
49,7DSAEUvxU8FajXtRloy8M0,Flowers,0.706,-4.775,0.0584,0.0232,0.632,118.048
50,52eIcoLUM25zbQupAZYoFh,redrum,0.624,-8.445,0.00529,0.5,0.246,172.089
51,7aqfrAY2p9BUSiupwk3svU,First Person Shooter (feat. J. Cole),0.47,-7.779,0.0277,0.382,0.248,163.92
52,1udwFobQ1JoOdWPQrp2b6u,Surround Sound (feat. 21 Savage & Baby Tate),0.575,-7.302,0.173,0.257,0.471,75.956
53,5GCU2LJWPzoP8Q6nexs61z,Let's Go,0.673,-7.612,0.00172,0.3,0.303,75.505
54,2yUzr8Sr6ldG8vmHhZwTnz,née-nah,0.678,-6.524,0.00495,0.57,0.318,165.423
55,5gzEL5O1ubbtIHUhLkSMTz,Loop Hole (feat. 21 Savage),0.746,-7.459,0.00412,0.331,0.491,164.928
56,2Adxpr1j5lSihOCsmIfflJ,GET OFF ME (with Travis Scott),0.78,-8.164,0.0185,0.153,0.0585,121.919
57,2FoahzOSxJnalPA8aBUme3,all of me,0.653,-5.708,0.12,0.842,0.791,159.947
58,1nQaTUDJ7Rc4yOvZmg9Ozr,Mmhmm,0.93,-8.799,0.028,0.129,0.962,126.003
59,2tOZtdbkAMQASWokLvSlzj,Overnight Celebrity,0.828,-5.435,0.182,0.281,0.777,134.199
60,779jpZikRmH99DiSVpwCHD,soak city (do it),0.861,-6.358,0.0658,0.286,0.257,101.919
61,6x9pCndnXEoea0CMcfjs9W,n.h.i.e.,0.818,-9.056,0.093,0.11,0.155,131.967
62,6uTPdRrEDeH8Fyg5L5qmeU,Never Lose Me,0.781,-7.857,0.0504,0.0981,0.0743,121.964
63,79AHPJd8upvNxyK2qQcY8J,HISS,0.745,-5.056,0.078,0.213,0.686,167.137
64,2YSzYUF3jWqb9YP9VXmpjE,IDGAF (feat. Yeat),0.663,-8.399,0.0464,0.205,0.138,136.952
65,69phA1R4gmQsBFRQ3INW8C,ONE CALL,0.65,-7.281,0.00617,0.114,0.253,158.105
66,1c7MITQmNJTrvfbDSzWT6x,Climate (feat. Offset),0.96,-3.881,0.0256,0.0889,0.703,124.563
67,3ScMs95OaNlkrZuRe7gyYa,PISTOL PACCIN,0.831,-4.127,0.0195,0.259,0.833,144.967
68,4xhsWYTOGcal8zt0J161CU,Lovin On Me,0.943,-4.911,0.0026,0.0937,0.606,104.983
69,6ulEymrJ2Azx1uo3YHSE5w,Bent,0.862,-7.423,0.379,0.415,0.239,124.081
70,1WrxYBGmFK19BMRn3wLYMa,Shotta Flow 7,0.943,-4.665,0.0056,0.116,0.219,120.004
71,1a73gcEg6h6Re6hHXoVltJ,FTCU,0.928,-6.751,0.0175,0.118,0.242,144.995
72,4b8zFITxLmN0rIbhuj5wub,RNS,0.92,-4.976,0.00518,0.0893,0.853,140.012
73,4w2Furap0ZzaiK4J14E9sR,Think U The Shit (Fart),0.967,-6.647,0.0403,0.0809,0.311,122.101
74,4367dXCt02KMgELPisJ2D4,HVN ON EARTH (with Kodak Black),0.736,-5.195,0.0724,0.136,0.201,132.024
75,1yeB8MUNeLo9Ek1UEpsyz6,Rich Baby Daddy (feat. Sexyy Red & SZA),0.645,-4.56,0.0377,0.384,0.142,146.01
76,35gu7pEQ2gOLUvskspCD3Y,Bachelor,0.805,-6.467,0.225,0.204,0.567,129.232
77,4EKfEZ89t2DzU41RbsyFC6,Big Dog (with Lil Wayne),0.646,-5.673,0.531,0.363,0.407,73.318
78,6odqveUIgvpWWvtANLcZpH,Red Moon,0.554,-4.176,0.115,0.119,0.455,162.032
79,6wsqVwoiVH2kde4k4KKAFU,I KNOW ?,0.927,-4.441,0.0186,0.104,0.817,117.995
80,1xWkeSPhf3bZqHY7Ncz8vp,500lbs,0.731,-7.928,0.134,0.114,0.485,123.042
81,73f5rpLgydSRIvHzRLcJFF,Crazy,0.818,-8.167,0.0755,0.207,0.282,130.046
82,3kfhS2L56Wj8fBcu7xE47H,Turks & Caicos (feat. 21 Savage),0.544,-12.032,0.13,0.166,0.314,103.148
83,0oqnZWNBvobs1t181f45Ck,WHAT'S THE MOVE? (feat. Future and BabyDrill),0.525,-6.575,0.0332,0.378,0.148,144.382
84,2Gk6fi0dqt91NKvlzGsmm7,SAY MY GRACE (feat. Travis Scott),0.773,-5.06,0.0585,0.132,0.476,121.879
85,0zbGWzQkLY5wn4xyiLYEi0,Glizock & Wizop (feat. Key Glock),0.909,-7.483,0.0107,0.109,0.548,146.94
86,42VsgItocQwOQC3XWZ8JNA,FE!N (feat. Playboi Carti),0.569,-2.777,0.0316,0.142,0.201,148.038
87,0VJXWgw0GWsprapvlpbuyu,Okay,0.876,-9.223,0.0619,0.0904,0.346,123.007
88,2jmdxJ60YfV3fVemuLz7pD,Long Story Short (with Lil Wayne),0.842,-4.521,0.269,0.418,0.54,136.956
89,6Qc90FMwNUjJ2M893RdYUg,BROAD DAY (feat. Future),0.677,-6.223,0.0538,0.167,0.164,189.976
90,5ZDIwpR2JMwuRM8xumtmxn,Down With Me,0.712,-5.332,0.112,0.21,0.471,114.929
91,5ZJGv7aGdIr9IGpxzSG18T,Everybody (feat. Lil Uzi Vert),0.736,-5.546,0.027,0.23,0.388,137.947
92,4M68xjcc42oxyphhzpOWXS,Great Gatsby,0.67,-9.12,0.0382,0.414,0.16,156.937
93,53QRPT9Z42ALxGL1YGT9x1,Lemme See,0.94,-5.806,0.00226,0.0898,0.712,95.976
94,6N7TGPYfGP2oxiy9Cpaz9G,Presha (with Lil Wayne),0.886,-7.806,0.00789,0.133,0.614,75.499
95,42TFM7pxF8mRUJTWJdGMeS,350,0.775,-7.942,0.151,0.193,0.532,114.6
96,7GkZ2cx7i74zu1piQy3i6T,Baller,0.915,-8.581,0.0137,0.18,0.154,140.964
97,4qmG24ebshLXtKu9HIShBP,Lace It (with Eminem & benny blanco),0.773,-7.138,0.194,0.22,0.305,160.101
98,6Hn4RAq9DerZedTzgyCgvC,Beep Beep (feat. 50 Cent),0.722,-7.06,0.0675,0.143,0.361,83.088
99,2IGMVunIBsBLtEQyoI1Mu7,Paint The Town Red,0.868,-8.603,0.269,0.0901,0.732,99.968
100,4LPIwB4gtPzuB0YKHjOldj,Guitar In My Room (with Lil Durk & Kid Cudi),0.298,-10.539,0.133,0.0984,0.202,82.16
101,5owS9iWWGd6mDlFjUFzBsw,Creek Will Rise,0.423,-2.97,0.0362,0.243,0.892,169.975
102,6UoKX6uLJwhsnyTp5k5StP,The Painter,0.512,-5.766,0.0415,0.107,0.261,97.981
103,4KULAymBBJcPRpk1yO4dOG,I Remember Everything (feat. Kacey Musgraves),0.429,-7.746,0.554,0.102,0.155,77.639
104,6d3QUBsiAw3aZI6F2mMhzk,Wildflowers and Wild Horses (Single Version),0.442,-5.787,0.347,0.128,0.34,117.379
105,1cF5gDFBHOprIKwzFORNjH,Ain't Doin' Jack,0.586,-4.105,0.0171,0.108,0.665,129.938
106,2gT2iF1YK5r54A2PDEXVv8,Pretty Little Poison,0.518,-4.839,0.0258,0.156,0.216,111.865
107,7MSWxMumjz6lHj7oRApNbg,White Horse,0.353,-11.066,0.0016,0.109,0.224,145.225
108,1UlwFwRrb4Kth3TwnjBAJV,Country Boy's Dream Girl,0.591,-4.573,0.234,0.097,0.46,139.991
109,0eBFgRxyVSeuT4iyrbukdn,Where the Wild Things Are,0.708,-4.872,0.0189,0.129,0.379,116.975
110,5XT8mK0cvCkx6Sx7Z7igmI,Burns Like Her,0.621,-4.819,0.00796,0.114,0.304,104.018
111,73zawW1ttszLRgT9By826D,Man Made A Bar (feat. Eric Church),0.498,-5.006,0.123,0.119,0.489,147.984
112,7BH39iq4k2366YgJgbf8b4,I Will (When You Do),0.441,-5.307,0.14,0.068,0.348,156.147
113,0GdZqKPBrvkpo7mk2OyHtf,Back Then Right Now,0.659,-4.416,0.0164,0.134,0.761,126.998
114,1pmBuw9a3r467tlzVZj0P4,Bigger Mistakes,0.604,-4.036,0.0272,0.263,0.74,104.942
115,2z5t8IRRtt5vwkSzP9umJo,your place,0.448,-4.083,0.134,0.317,0.418,76.968
116,6vsa5VDsIaWC8oJnowU65l,This Town's Been Too Good To Us,0.696,-7.035,0.0603,0.175,0.577,104.989
117,2neydrTb5GVPRHNNmW0iPP,Last Rodeo,0.467,-4.164,0.0419,0.277,0.459,160.036
118,5ya0TmUQw2wHMkq36rPsnd,World on Fire,0.461,-4.871,0.000219,0.104,0.411,95.964
119,4l5w5qGInIhwfvpYmPIYdK,Different 'Round Here,0.457,-5.979,8.66e-05,0.13,0.318,141.936
120,2uHgCkaiHwZKl7tDBTVsyW,No Caller ID,0.332,-6.09,0.127,0.189,0.11,146.5
121,0ayd4fDb6rMZl9uqCY3Hzl,Old Dirt Roads,0.509,-3.229,0.25,0.236,0.767,165.964
122,2hNQDbZcN3vqRAuwiz7poI,Tucson Too Late,0.661,-7.19,0.628,0.0852,0.385,105.917
123,2dPwBKr5uJeCeyd5IoWi8W,We Don't Fight Anymore,0.619,-6.517,0.673,0.184,0.419,129.944
124,4dtIxANFBU6CfhI9c2hf2g,Coal,0.522,-9.561,0.753,0.165,0.439,97.045
125,30LZU3ReFIndjHLfaahreM,Save Me (with Lainey Wilson),0.564,-5.018,0.382,0.11,0.146,83.03
126,1hgINxfKQlJOikzd9skvC2,Boys Back Home,0.479,-2.014,0.0686,0.0983,0.564,140.154
127,2eGvz6O6tVnh9nKiitDEhZ,I Can Feel It,0.529,-5.816,0.00281,0.0287,0.55,116.004
128,1TiAmIJNwfRmneV5iyTdMG,Tell Me Tennessee,0.544,-4.608,0.0175,0.122,0.481,115.017
129,0wXThIDxO3YRJCpPgnmbkw,Where It Ends,0.431,-5.067,0.259,0.0879,0.648,170.041
130,12qLkwjMVp1eTvHfjl2M5g,Anybody But You,0.404,-6.193,0.195,0.326,0.535,175.914
131,23bEisUvcSmIELLy4CMhkN,Let Your Boys Be Country,0.375,-4.048,0.345,0.0943,0.565,178.636
132,11VDLa4XbXDIPC6rxbpAy1,Another Round,0.444,-5.475,0.0387,0.324,0.298,78.037
133,6LaW2p9BxzbSGefvoW8Y4T,Tennessee Don't Mind,0.368,-4.171,0.00428,0.201,0.399,172.954
134,0svx82ZXx8NlIwf7hihUNa,Don’t Mess With Exes,0.764,-5.44,0.0557,0.102,0.669,112.01
135,65M92JpTbAdHmTQm4jGaDa,Think I'm In Love With You,0.671,-14.124,0.187,0.132,0.607,91.866
136,6DHPLbudo5JXNdUlG7zDcC,Please Don't Go,0.683,-7.487,0.379,0.0845,0.452,85.455
137,1olWQ1LOUYs4VBwx5N8Lz9,In Your Love,0.534,-9.559,0.844,0.115,0.243,127.357
138,5uTQC24DoCTc287oH8Xpp4,I’m In Love,0.658,-4.282,0.218,0.264,0.826,152.029
139,2d3KkBpDlOCLT5Wlhrwhfd,Things I Take For Granted,0.463,-5.952,0.169,0.359,0.454,162.983
140,3fonAuTvuI5KMcmnueLAPq,Straight and Narrow,0.427,-8.83,0.47,0.135,0.374,85.633
141,7qaMlLPdwNiiU1Uiy1oAdO,Glory Days,0.647,-5.221,0.00686,0.119,0.268,103.919
142,1MCUz8U559nGEN377EHHaY,Young Love & Saturday Nights,0.538,-5.309,0.0223,0.257,0.505,125.989
143,4bARASJEokNacSYtEhoNBp,Burn It Down - Radio Edit,0.484,-5.23,0.11,0.193,0.281,80.995
144,28dwWN6sZQGBSZuMdCbbQY,BREAK IT IN A BAR,0.585,-5.693,0.0529,0.137,0.328,119.99
145,3vKAQFXRh0lkJdPuS5pclq,If You Were A Song,0.684,-4.833,0.171,0.173,0.501,110.476
146,103u49mLoJUge83B1CnLxI,TRUCK BED,0.662,-4.887,0.0875,0.35,0.769,132.057
147,2kE2HFBFkJ0VMw3igxYohz,Wild Ones (feat. Jelly Roll),0.65,-3.543,0.0878,0.172,0.294,136.03
148,3eNOyXmzuA46bUvi8FkIoW,Mamaw's House,0.559,-7.686,0.0177,0.0821,0.422,89.985
149,10kDUCSM3OZ99MfMcRboZB,Rain In The Rearview,0.442,-6.262,0.524,0.185,0.378,159.779
150,43SoxERu5UlXAgt4Es1VQU,Porch Light,0.647,-8.264,0.0585,0.159,0.477,142.034
151,7gaA3wERFkFkgivjwbSvkG,"yes, and?",0.788,-6.513,0.198,0.104,0.823,119.008
152,52eIcoLUM25zbQupAZYoFh,redrum,0.624,-8.445,0.00529,0.5,0.246,172.089
153,58pTPJPBjw1xL9OcLcQczU,I Remember Everything (feat. Kacey Musgraves),0.429,-7.746,0.554,0.102,0.155,77.639
154,6usohdchdzW9oML7VC4Uhk,Lose Control,0.561,-4.409,0.199,0.104,0.242,159.92
155,4kfSXPK13aXkLzuz02hCSC,greedy,0.746,-3.558,0.275,0.216,0.858,111.013
156,4w2Furap0ZzaiK4J14E9sR,Think U The Shit (Fart),0.967,-6.647,0.0403,0.0809,0.311,122.101
157,4xhsWYTOGcal8zt0J161CU,Lovin On Me,0.943,-4.911,0.0026,0.0937,0.606,104.983
158,0mflMxspEfB0VbI1kyLiAv,Stick Season,0.662,-6.894,0.782,0.102,0.817,117.913
159,6tNQ70jh4OwmPGpYy6R2o9,Beautiful Things,0.472,-5.692,0.151,0.14,0.219,105.029
160,1BxfuPKGuaTgP7aM0Bbdwr,Cruel Summer,0.552,-5.707,0.117,0.105,0.564,169.994
161,6uTPdRrEDeH8Fyg5L5qmeU,Never Lose Me,0.781,-7.857,0.0504,0.0981,0.0743,121.964
162,0cVyQfDyRnMJ0V3rjjdlU3,Lil Boo Thang,0.85,-3.292,0.152,0.32,0.915,114.481
163,5ZJGv7aGdIr9IGpxzSG18T,Everybody (feat. Lil Uzi Vert),0.736,-5.546,0.027,0.23,0.388,137.947
164,1udwFobQ1JoOdWPQrp2b6u,Surround Sound (feat. 21 Savage & Baby Tate),0.575,-7.302,0.173,0.257,0.471,75.956
165,2Zo1PcszsT9WQ0ANntJbID,Feather,0.787,-4.37,0.0893,0.0927,0.836,123.51
166,6WzRpISELf3YglGAh7TXcG,Popular (with Playboi Carti & Madonna) - From The Idol Vol. 1 (Music from the HBO Original Series),0.855,-6.276,0.0569,0.412,0.852,99.029
167,4HMop4Re0iucehmF7mgV27,act ii: date @ 8,0.718,-13.02,0.435,0.0748,0.749,138.811
168,5aIVCx5tnk0ntmdiinnYvw,Water,0.673,-3.495,0.0856,0.137,0.519,117.187
169,1yeB8MUNeLo9Ek1UEpsyz6,Rich Baby Daddy (feat. Sexyy Red & SZA),0.645,-4.56,0.0377,0.384,0.142,146.01
170,7dJYggqjKo71KI9sLzqCs8,Agora Hills,0.75,-6.128,0.228,0.122,0.392,123.026
171,1kuGVB7EU95pJObxwvfwKS,vampire,0.511,-5.745,0.177,0.291,0.35,138.005
172,7CyPwkp0oE8Ro9Dd5CUDjW,"One Of The Girls (with JENNIE, Lily Rose Depp)",0.522,-6.287,0.0545,0.162,0.202,87.51
173,4iZ4pt7kvcaH6Yo8UoZ4s2,Snooze,0.559,-7.231,0.141,0.11,0.392,143.008
174,79AHPJd8upvNxyK2qQcY8J,HISS,0.745,-5.056,0.078,0.213,0.686,167.137
175,2kE2HFBFkJ0VMw3igxYohz,Wild Ones (feat. Jelly Roll),0.65,-3.543,0.0878,0.172,0.294,136.03
176,4E63weMCaNZuGPEFMnuEi8,exes,0.821,-6.57,0.173,0.114,0.611,136.962
177,6wsqVwoiVH2kde4k4KKAFU,I KNOW ?,0.927,-4.441,0.0186,0.104,0.817,117.995
178,1vYXt7VSjH9JIM5oRRo7vA,Dance The Night - From Barbie The Album,0.671,-4.93,0.0207,0.329,0.775,110.056
179,3Pbp7cUCx4d3OAkZSCoNvn,Scared To Start,0.527,-11.258,0.384,0.403,0.443,148.035
180,6wf7Yu7cxBSPrRlWeSeK0Q,"What Was I Made For? [From The Motion Picture ""Barbie""]",0.444,-17.665,0.959,0.098,0.142,78.403
181,1odExI7RdWc4BT515LTAwj,Daylight,0.508,-9.475,0.83,0.093,0.324,130.09
182,6rjuKpPydT2SxN15TZpV7r,500lbs,0.722,-5.451,0.0942,0.119,0.529,122.986
183,07on0OB2cdPt79IFsgdRUy,Need A Favor,0.502,-4.246,0.0123,0.0801,0.557,157.978
184,0PAcdVzhPO4gq1Iym9ESnK,Thinkin’ Bout Me,0.656,-5.775,0.492,0.117,0.429,139.971
185,6XaJfhwof7qIgbbXO5tIQI,Igual Que Un Ángel (with Peso Pluma),0.685,-5.36,0.00348,0.183,0.464,107.999
186,56y1jOTK0XSvJzVv9vHQBK,Paint The Town Red,0.864,-7.683,0.255,0.112,0.726,99.974
187,1Lo0QY9cvc8sUB2vnIOxDT,Fast Car,0.712,-5.52,0.186,0.115,0.67,97.994
188,56xHMIfQPoe0prrSi3BGhf,Can’t Catch Me Now - from The Hunger Games: The Ballad of Songbirds & Snakes,0.521,-7.698,0.838,0.12,0.225,141.965
189,6IG3sQ8s9nfk6TUlVzRhbN,Is It Over Now? (Taylor's Version) (From The Vault),0.595,-7.343,0.041,0.122,0.191,99.994
190,37kP0yUo66nRnFHtC5rV1M,Not My Fault (with Megan Thee Stallion),0.811,-6.081,0.1,0.395,0.854,124.01
191,1a73gcEg6h6Re6hHXoVltJ,FTCU,0.928,-6.751,0.0175,0.118,0.242,144.995
192,3vkCueOmm7xQDoJ17W1Pm3,My Love Mine All Mine,0.504,-14.958,0.868,0.158,0.121,113.95
193,4rXLjWdF2ZZpXCVTfWcshS,fukumean,0.847,-6.747,0.119,0.285,0.22,130.001
194,4OMJGnvZfDvsePyCwRGO7X,Houdini,0.744,-4.876,0.0036,0.0947,0.866,116.985
195,1nQaTUDJ7Rc4yOvZmg9Ozr,Mmhmm,0.93,-8.799,0.028,0.129,0.962,126.003
196,5mjYQaktjmjcMKcUIcqz4s,Strangers,0.628,-8.307,0.701,0.219,0.416,169.982
197,05WVKTdZhlIMX4qqMLuo0f,BELLAKEO,0.72,-2.834,0.0562,0.153,0.463,180.011
198,3OHfY25tqY28d16oZczHc8,Kill Bill,0.644,-5.75,0.0543,0.161,0.43,88.993
199,7MSWxMumjz6lHj7oRApNbg,White Horse,0.353,-11.066,0.0016,0.109,0.224,145.225
200,4MjDJD8cW7iVeWInc2Bdyj,MONACO,0.787,-5.009,0.15,0.58,0.13,139.056
201,1BxfuPKGuaTgP7aM0Bbdwr,Cruel Summer,0.552,-5.707,0.117,0.105,0.564,169.994
202,0V3wPSX9ygBnCm8psDIegu,Anti-Hero,0.637,-6.571,0.13,0.142,0.533,97.008
203,1Iq8oo9XkmmvCQiGOfORiz,Is It Over Now? (Taylor's Version) (From The Vault),0.596,-7.346,0.0504,0.127,0.176,100.012
204,4R2kfaDFhslZEMJqAFNpdd,cardigan,0.613,-8.588,0.537,0.25,0.551,130.033
205,7KokYm8cMIXCsGVmUvKtqf,Karma,0.642,-7.091,0.0734,0.483,0.0969,90.02
206,1dGr1c8CrMLDpV6mPbImSI,Lover,0.359,-7.582,0.492,0.118,0.453,68.534
207,0lx2cLdOt3piJbcaXIV74f,willow,0.392,-9.195,0.833,0.145,0.529,81.112
208,3CWq0pAKKTWb0K4yiglDc4,You’re Losing Me (From The Vault),0.747,-13.767,0.529,0.111,0.195,102.984
209,3CeCwYWvdfXbZLXFhBrbnf,Love Story (Taylor’s Version),0.626,-4.302,0.135,0.0989,0.416,119.082
210,1R0a2iXumgCiFb7HEZ7gUE,Don’t Blame Me,0.615,-6.719,0.106,0.0607,0.193,135.917
211,6tNSmBKSjFV1366ASuULfZ,I Knew You Were Trouble (Taylor's Version),0.584,-6.371,0.0129,0.0576,0.767,154.008
212,1hjRhYpWyqDpPahmSlUTlc,Style (Taylor's Version),0.575,-4.823,0.000418,0.0901,0.292,94.971
213,2yLa0QULdQr0qAIvVwN6B5,...Ready For It?,0.613,-6.509,0.0527,0.197,0.417,160.015
214,4P7LVHDbzn7aI6wWRh5AHc,You Belong With Me (Taylor’s Version),0.632,-4.856,0.0623,0.0885,0.474,130.033
215,45wMBGri1PORPjM9PwFfrS,Blank Space (Taylor's Version),0.737,-5.417,0.0976,0.174,0.755,96.012
216,1P17dC1amhFzptugyAO7Il,Look What You Made Me Do,0.766,-6.471,0.204,0.126,0.506,128.07
217,4NioO5R9sHEZh4cGzMHyNt,Say Don't Go (Taylor's Version) (From The Vault),0.626,-8.285,0.0656,0.149,0.192,109.946
218,1Ov37jtRQ2YNAe8HzfczkL,Wildest Dreams (Taylor's Version),0.583,-7.289,0.0374,0.126,0.498,140.061
219,3sW3oSbzsfecv9XoUdGs7h,Enchanted (Taylor's Version),0.505,-3.526,0.012,0.149,0.216,81.907
220,6RRNNciQGZEXnqk8SQ9yv5,You Need To Calm Down,0.771,-5.617,0.00929,0.0637,0.714,85.026
221,71BqAINEnezjQfxE4VuJfq,"""Slut!"" (Taylor's Version) (From The Vault)",0.629,-13.178,0.345,0.0603,0.306,77.983
222,2vPMoMDXxu9uX1igWZmXSG,New Romantics (Taylor's Version),0.651,-5.959,0.0068,0.0759,0.698,121.98
223,5jQI2r1RdgtuT8S3iG8zFC,Lavender Haze,0.733,-10.489,0.258,0.157,0.0976,96.985
224,31CdkzHnMbvJuKZvtCQfR6,We Are Never Ever Getting Back Together (Taylor's Version),0.567,-6.139,0.0317,0.0732,0.716,172.014
225,045ZeOHPIzhxxsm8bq5kyE,Out Of The Woods (Taylor's Version),0.547,-5.961,0.000512,0.39,0.192,91.992
226,7G0gBu6nLdhFDPRLc0HdDG,Mine (Taylor's Version),0.646,-2.846,0.00444,0.171,0.49,121.08
227,2y5aJvzXhHPA94U5GFAcXe,I Don’t Wanna Live Forever (Fifty Shades Darker),0.734,-8.432,0.0594,0.213,0.0973,117.967
228,5KD6AEm19QnMbfWpfoOHMl,Now That We Don't Talk (Taylor's Version) (From The Vault),0.793,-9.319,0.186,0.0889,0.0662,109.994
229,4P9Q0GojKVXpRTJCaL3kyy,All Of The Girls You Loved Before,0.718,-9.66,0.707,0.126,0.396,95.96
230,6NFyWDv5CjfwuzoCkw47Xf,Delicate,0.75,-10.178,0.216,0.0911,0.0499,95.045
231,5kHMfzgLZP95O9NBy0ku4v,I Can See You (Taylor’s Version) (From The Vault),0.694,-4.893,0.0586,0.0608,0.819,123.044
232,3pv7Q5v2dpdefwdWIvE7yH,Shake It Off (Taylor's Version),0.632,-5.676,0.0103,0.29,0.921,160.055
233,3rWDp9tBPQR9z6U5YyRSK4,Midnight Rain,0.643,-11.738,0.69,0.115,0.23,139.865
234,3hUxzQpSfdDqwM3ZTFQY0K,august,0.532,-9.208,0.538,0.0925,0.403,89.937
235,6qAcApH8obo8eqatCKUHd9,Bad Blood (feat. Kendrick Lamar) (Taylor's Version),0.602,-6.905,0.0104,0.217,0.174,170.091
236,2T9WeqSMJJb8YBDHPYGU4p,22 (Taylor's Version),0.642,-5.62,0.000443,0.0753,0.642,103.984
237,79uDOz0zuuWS7HWxzMmTa2,Back To December (Taylor's Version),0.497,-3.927,0.00621,0.117,0.203,142.063
238,5enxwA8aAbwZbf5qCHORXi,All Too Well (10 Minute Version) (Taylor's Version) (From The Vault),0.631,-8.771,0.274,0.088,0.205,93.023
239,1hR8BSuEqPCCZfv93zzzz9,Welcome To New York (Taylor's Version),0.761,-4.83,0.00961,0.367,0.674,116.98
240,4zmKGsrXjLmljb5fTaBTot,Snow On The Beach (feat. More Lana Del Rey),0.664,-10.934,0.806,0.108,0.315,109.846
241,30Y4CV7A6YqtQtTTo7Ue4j,Mean (Taylor's Version),0.524,-3.866,0.311,0.192,0.621,163.874
242,2ByBBvpR9b7IynvRmnG7kG,Clean (Taylor's Version),0.771,-8.917,0.276,0.121,0.239,103.96
243,3xYJScVfxByb61dYHTwiby,Hits Different,0.672,-6.499,0.148,0.296,0.239,106.026
244,0VE4kBnHJUgtMf0dy6DRmW,Getaway Car,0.562,-6.745,0.00465,0.0888,0.351,172.054
245,6GXgd1BPD9bUpqw5AntGV5,All You Had To Do Was Stay (Taylor's Version),0.586,-5.556,0.000718,0.0949,0.481,97.057
246,3qoftcUZaUOncvIYjFSPdE,Bejeweled,0.696,-9.19,0.0618,0.0887,0.433,163.999
247,4y5bvROuBDPr5fuwXbIBZR,Paper Rings,0.811,-6.553,0.0129,0.0742,0.865,103.979
248,43y1WpBdnEy5TR9aZoSQL9,I Wish You Would (Taylor's Version),0.669,-6.526,0.00357,0.0676,0.541,118.026
249,1zU8j1x3yi9xalMF96pzKp,Dear John (Taylor's Version),0.419,-5.016,0.0236,0.163,0.133,119.294
250,4D7BCuvgdJlYvlX5WlN54t,"You're On Your Own, Kid",0.696,-10.289,0.401,0.125,0.38,120.041
251,3RauEVgRgj1IuWdJ9fDs70,The Man,0.777,-5.191,0.0767,0.0901,0.633,110.048
252,0NwGC0v03ysCYINtg6ns58,Better Than Revenge (Taylor's Version),0.496,-2.969,0.000886,0.191,0.665,145.863
253,0kAZ3H6G9Zac4PMpmobMkj,If This Was A Movie (Taylor’s Version),0.472,-3.72,0.091,0.23,0.304,147.854
254,6T0sEnqjmHISIKwFETeeiP,Suburban Legends (Taylor's Version) (From The Vault),0.699,-8.739,0.198,0.104,0.344,118.048
255,4s8BIKx4Zh6ryAEz8RTlaU,Foolish One (Taylor’s Version) (From The Vault),0.671,-4.675,0.617,0.111,0.543,96.965
256,3eX0NZfLtGzoLUxPNvRfqm,Maroon,0.637,-8.294,0.0573,0.101,0.0374,108.075
257,0zo975x58DlXbZllWvfYhg,When Emma Falls in Love (Taylor’s Version) (From The Vault),0.474,-4.632,0.159,0.138,0.231,78.133
258,1xwAWUI6Dj0WGC3KiUPN0O,Vigilante Shit,0.798,-11.096,0.173,0.121,0.163,79.846
259,4e3ZNTAV6PCrdYMUrUlMpQ,Electric Touch (feat. Fall Out Boy) (Taylor’s Version) (From The Vault),0.547,-4.7,0.0164,0.144,0.282,131.073
260,7FmYn9e7KHMXcxqGSj9LjH,Mastermind,0.662,-14.064,0.553,0.0837,0.124,125.966
261,7l2tmgUhV7Y2aJHjiszifg,Mr. Perfectly Fine (Taylor’s Version) (From The Vault),0.661,-6.269,0.167,0.0647,0.724,135.937
262,4hqJ4bSlYJOXb6Z4SRmzxs,Long Live (Taylor's Version),0.375,-4.031,0.0122,0.189,0.0752,203.89
263,3UMrglJeju5yWyYIW6o99b,The Great War,0.573,-8.987,0.219,0.0842,0.554,96.016
264,2RJnNdu4pb3MypbBroHU0T,Safe & Sound (feat. Joy Williams and John Paul White) (Taylor’s Version),0.41,-11.01,0.783,0.0783,0.22,144.751
265,1HCdems7PQZRj42QDWLA0A,Timeless (Taylor’s Version) (From The Vault),0.624,-5.847,0.3,0.0916,0.65,142.883
266,22bPsP2jCgbLUvh82U0Z3M,The Way I Loved You (Taylor’s Version),0.402,-4.665,0.0033,0.108,0.472,161.032
267,1ZY1PqizIl78geGM4xWlEA,Gorgeous,0.8,-6.684,0.0713,0.213,0.451,92.027
268,6dTA6y0C2ReQklntzZl8l3,The Story Of Us (Taylor's Version),0.515,-2.608,0.00192,0.054,0.57,139.846
269,0heeNYlwOGuUSe7TgUD27B,Question...?,0.751,-8.763,0.2,0.296,0.106,108.943
270,0sY6ZUTh4yoctD8VIXz339,champagne problems,0.462,-12.077,0.92,0.113,0.32,171.319
271,4ABYxlb92WBIjHu7TIKmml,Castles Crumbling (feat. Hayley Williams) (Taylor’s Version) (From The Vault),0.576,-7.925,0.362,0.0668,0.378,147.803
272,2NIBaWXdjaTDmytjjwbEfP,Eyes Open (Taylor's Version),0.566,-6.976,0.000818,0.184,0.256,137.048
273,3yNJkriPzWjkkDAWHIAVUq,Ours (Taylor’s Version),0.535,-8.261,0.449,0.111,0.348,159.813
274,0wavGRldH0AWyu2zvTz8zb,Sweet Nothing,0.337,-14.919,0.964,0.115,0.39,176.655
275,3MytWN8L7shNYzGl4tAKRp,Sparks Fly (Taylor’s Version),0.588,-2.347,0.0251,0.131,0.387,114.991
276,4pvb0WLRcMtbPGmtejJJ6y,exile (feat. Bon Iver),0.298,-8.426,0.778,0.11,0.152,75.602
277,0cITLOYn1Sv4q27zZPqlNK,Red,0.602,-4.267,0.0773,0.091,0.641,124.978
278,59KOoHFcw5XfICnO57holu,Last Kiss (Taylor's Version),0.55,-8.46,0.447,0.101,0.16,79.401
279,1Fj0T1XKuhRu7EZzJ7NJIK,Delicate - Recorded at The Tracking Room Nashville,0.664,-8.404,0.577,0.0968,0.431,90.976
280,7712gjoih4QoDbXpljEk21,Paris,0.7,-10.547,0.112,0.137,0.345,110.947
281,3z6XUommYDWPHeFhmhhT6j,Message In A Bottle (Taylor's Version) (From The Vault),0.622,-6.106,0.00188,0.083,0.494,115.915
282,4d1CG5ei1E2vGbvmgf5KKv,This Love (Taylor’s Version),0.47,-8.672,0.302,0.0672,0.0524,144.039
283,0A1JLUlkZkp2EFrosoNQi0,Labyrinth,0.406,-15.48,0.785,0.122,0.122,110.014
284,0aV5uARAknQgYhBaK944FP,"Would've, Could've, Should've",0.483,-6.508,0.43,0.146,0.55,157.979
285,0Jlcvv8IykzHaSmj49uNW8,the 1,0.777,-6.942,0.757,0.108,0.172,139.883
286,0BiqmkasE5FdrChwKfVp8X,Bigger Than The Whole Sky,0.422,-12.379,0.826,0.115,0.068,165.71
287,2x0WlnmfG39ZuDmstl9xfX,End Game,0.649,-6.237,0.00845,0.108,0.151,159.073
288,5kiZGSxgqPdv6rbqL9THdd,High Infidelity,0.646,-10.179,0.723,0.0885,0.755,87.862
289,6wAFvJPpTZVirBKGZ4EnMW,Glitch,0.675,-9.738,0.361,0.11,0.347,140.864
290,3QF5RsWzK1lCvf2o2cY65P,Dear Reader,0.562,-12.088,0.481,0.117,0.159,107.747
291,1MgV7FIyNxIG7WzMRJV5HC,my tears ricochet,0.456,-10.63,0.806,0.0749,0.111,129.86
292,01K4zKU104LyJ8gMb7227B,Nothing New (feat. Phoebe Bridgers) (Taylor’s Version) (From The Vault),0.606,-9.455,0.817,0.154,0.446,101.96
293,1q3RiD1tIWUpGsNFADMlvl,All Too Well,0.602,-7.803,0.0382,0.127,0.337,93.06
294,5eGX87IiKsGuzS3iw4CfCX,September - Recorded at The Tracking Room Nashville,0.641,-6.482,0.412,0.179,0.588,107.081
295,4CkgMiMqZ5JzW9iYXSTMTL,I Bet You Think About Me (feat. Chris Stapleton) (Taylor’s Version) (From The Vault),0.391,-4.516,0.167,0.183,0.473,149.654
296,4IQkfUsrwXol38VV3U7t7T,Run (feat. Ed Sheeran) (Taylor’s Version) (From The Vault),0.61,-6.918,0.817,0.312,0.443,125.039
297,12M5uqx0ZuwkpLp5rJim1a,Cornelia Street,0.824,-9.728,0.781,0.1,0.248,102.012
298,6VsvKPJ4xjVNKpI8VVZ3SV,invisible string,0.653,-11.143,0.838,0.108,0.45,83.433
299,1gWRnZ52AK1ZUvpjjTteKf,Better Man (Taylor's Version) (From The Vault),0.473,-5.824,0.214,0.0877,0.255,73.942
300,5kI4eCXXzyuIUXjQra0Cxi,betty,0.593,-8.761,0.6,0.0976,0.502,95.939
301,05WVKTdZhlIMX4qqMLuo0f,BELLAKEO,0.72,-2.834,0.0562,0.153,0.463,180.011
302,0R6NfOiLzLj4O5VbYSJAjf,La Diabla,0.751,-4.372,0.255,0.236,0.697,131.842
303,7chTH3GBjjAyagf0SPCZDL,SI SABE FERXXO,0.726,-2.035,0.0139,0.0891,0.489,95.997
304,7iQXYTyuG13aoeHxGG28Nh,PERRO NEGRO,0.911,-2.248,0.0887,0.179,0.345,96.057
305,7iUtQNMRB8ZkKC4AmEuCJC,LA FALDA,0.8,-4.26,0.372,0.19,0.267,103.008
306,6VciS3dRMpZhJiDxT8ArFi,"Young Miko: Bzrp Music Sessions, Vol. 58",0.704,-8.212,0.588,0.117,0.443,96.016
307,05tGmdz9dVZ4yGqz4YJdPK,La Intención,0.794,-3.842,0.536,0.189,0.838,131.857
308,7bywjHOc0wSjGGbj04XbVi,LUNA,0.774,-2.888,0.131,0.116,0.446,100.019
309,3QQAeMQbbjZXVFbF8DgFWT,FIRST LOVE,0.694,-6.24,0.358,0.299,0.794,73.929
310,6XaJfhwof7qIgbbXO5tIQI,Igual Que Un Ángel (with Peso Pluma),0.685,-5.36,0.00348,0.183,0.464,107.999
311,5QtB74eCS2YzHvEfSlh8MG,Hey Lil Mama,0.458,-6.902,0.58,0.248,0.38,141.636
312,6CvTEtGagmzQvkUzzyKR9k,HARLEY QUINN,0.815,-6.04,0.0277,0.219,0.591,125.031
313,6ED7qim1NAX1HjNU8039WS,Alucin,0.787,-4.681,0.00331,0.115,0.509,128.0
314,6fNCrsrdIcgVd2aZZ0nnz4,Según Quién,0.909,-3.974,0.434,0.0856,0.843,101.987
315,0lbDzTINTToToBpkrnQT2t,UNA CERVEZA,0.727,-6.508,0.0281,0.223,0.735,135.094
316,3XB5uhhlYSnkxpSihkNQwh,QLONA,0.842,-7.409,0.525,0.0871,0.421,169.925
317,2OWv3lRR8PtOVuHWzQNRs2,Rompe La Dompe,0.757,-7.966,0.607,0.169,0.759,130.098
318,5XVdHRf4CAJ2Jm0uMIy5qY,La Víctima,0.778,-3.598,0.152,0.109,0.666,140.082
319,2EbRFerXy6IPM3EfAOqZkB,Bota Niña,0.684,-2.882,0.127,0.212,0.654,173.846
320,7ABLbnD53cQK00mhcaOUVG,LALA,0.708,-4.045,0.0739,0.0955,0.607,91.986
321,4WefXOf8I4gMjdj2kBJgkl,Patadas de Ahogado,0.437,-10.254,0.73,0.135,0.435,182.568
322,4MjDJD8cW7iVeWInc2Bdyj,MONACO,0.787,-5.009,0.15,0.58,0.13,139.056
323,4s7hIsoRpnmaSvdETaIOSe,Gafas Negras,0.758,-3.534,0.238,0.673,0.715,104.022
324,3Cx4BsDd4q0GCVBJ5CAw2K,No Te Quieren Conmigo,0.76,-5.009,0.361,0.254,0.576,97.917
325,1kqH58eGh2ZTOHwqBIB2tM,Una Foto Remix (feat. Emilia),0.76,-3.667,0.313,0.0784,0.739,96.033
326,6uIIdjYTxxpWOyWuVXrKQO,Que Onda,0.808,-4.863,0.183,0.138,0.937,124.934
327,6XbtvPmIpyCbjuT0e8cQtp,Columbia,0.668,-5.927,0.369,0.108,0.264,100.02
328,2kz1YOhJiNubjigR1gB1VX,DILUVIO,0.845,-3.502,0.343,0.224,0.681,94.969
329,7yIIeKUxTpn36X6CFJhgEi,Reggaeton Champagne,0.795,-7.905,0.0398,0.072,0.788,101.032
330,6RcAHyC5sAUIbPTkhOQwd8,Y LLORO,0.728,-7.115,0.424,0.166,0.767,77.475
331,0O3U5iwTbiXCREMkvotJuN,EL AMOR DE SU VIDA,0.616,-3.069,0.06,0.338,0.746,151.701
332,7LLBONqWyX3MoBvIVPu5fj,Tacata (Remix),0.922,-6.016,0.377,0.412,0.58,134.012
333,3nNmRE0DxHC6ZaKkrpUumS,FINA,0.847,-5.41,0.0869,0.118,0.396,94.601
334,6irysuQyZWd7Bjj7ePiOs2,Holanda,0.831,-3.627,0.277,0.125,0.244,107.961
335,3j5zNcb0aSk7dx3W3mAKzw,Pa Ti Estoy,0.785,-3.174,0.147,0.107,0.903,162.087
336,4kFK6SkNXA7bBQgTzvFSWz,Bobo,0.687,-3.94,0.355,0.0926,0.751,155.993
337,62xla8336vUnmxTWNzCfRt,BUBALU,0.786,-5.232,0.135,0.11,0.722,112.007
338,6VjagyaPDsRal64aHXNIUY,La_Original.mp3,0.833,-2.751,0.0836,0.112,0.905,128.055
339,10eRgZUM59q2G5ogpztSeL,HOLA PERDIDA,0.498,-5.809,0.14,0.746,0.538,151.461
340,2VOXLA9TzOAVCjDi7RY5DV,PACTO (feat. Bryant Myers & Dei V) - Remix,0.503,-7.748,0.486,0.118,0.627,85.701
341,6FvMc0dfKvSbzFmqfT1GoG,TQMQA,0.613,-7.71,0.631,0.119,0.588,112.678
342,0QRHOAeU8JRaVVn3UoZBih,REINA,0.724,-7.117,0.632,0.0943,0.757,167.985
343,4SW9gHnW8NfKOdqmh0ij45,Fruto,0.801,-8.205,0.494,0.355,0.923,160.254
344,2HafqoJbgXdtjwCOvNEF14,Si No Estás,0.537,-8.72,0.827,0.138,0.524,98.224
345,6gMj2DzKR2PjrrbNSwcGFR,OA,0.813,-3.239,0.17,0.0421,0.647,99.994
346,2TJKY0WSFufZOzbRNgl6zE,ELOVRGA,0.793,-10.515,0.132,0.115,0.578,129.992
347,0p0cOpBujR114Wirv5AM7W,Narcotics (with Bryant Myers),0.711,-5.671,0.379,0.119,0.689,159.953
348,35FW5OEe4p38LdjK1KqT2X,Tá OK (Remix),0.882,-1.479,0.292,0.0549,0.611,130.032
349,1HLaJowFbNM3MPyqnk5vjW,Labios Mordidos (with KAROL G),0.715,-4.446,0.287,0.329,0.748,90.005
350,4tYgQrGwhpvjfq4ryajgUo,El Correcto,0.805,-5.175,0.095,0.234,0.455,96.016
351,4w2Furap0ZzaiK4J14E9sR,Think U The Shit (Fart),0.967,-6.647,0.0403,0.0809,0.311,122.101
352,6uTPdRrEDeH8Fyg5L5qmeU,Never Lose Me,0.781,-7.857,0.0504,0.0981,0.0743,121.964
353,7dJYggqjKo71KI9sLzqCs8,Agora Hills,0.75,-6.128,0.228,0.122,0.392,123.026
354,1a73gcEg6h6Re6hHXoVltJ,FTCU,0.928,-6.751,0.0175,0.118,0.242,144.995
355,79AHPJd8upvNxyK2qQcY8J,HISS,0.745,-5.056,0.078,0.213,0.686,167.137
356,4LadsagnXZM7SEOpHjHIHA,Looking For The Hoes (Ain’t My Fault),0.681,-5.259,0.077,0.21,0.568,151.137
357,5JYPXqMwYc0zTODQdjMEZN,Deli,0.789,-6.169,0.123,0.132,0.272,140.107
358,3Kh8X9lHztqVBTgw30HbXn,Cobra,0.816,-5.12,0.709,0.52,0.686,138.056
359,5ZJGv7aGdIr9IGpxzSG18T,Everybody (feat. Lil Uzi Vert),0.736,-5.546,0.027,0.23,0.388,137.947
360,1peSFUNahpj7paMnJGg9aX,Wanna Come Thru,0.914,-3.775,0.108,0.134,0.183,120.965
361,0rxd3zqvnNV8AQgkhYKDke,Do It For The Bay,0.895,-5.693,0.0196,0.0695,0.569,105.125
362,4YQImHflXSiIMXntcwPkx8,Bongos (feat. Megan Thee Stallion),0.726,-4.788,0.0791,0.0297,0.896,121.953
363,7nn4MXs89QymmNzRreTywe,Ick,0.92,-3.349,0.274,0.259,0.598,137.961
364,4wQmwPWCUn6gi11Gep2qsP,IT GIRL,0.969,-5.509,0.00822,0.314,0.421,124.991
365,1tHYeRTwPlHkKV3uOY0uSm,Grip,0.957,-6.044,0.141,0.371,0.845,119.995
366,5aIVCx5tnk0ntmdiinnYvw,Water,0.673,-3.495,0.0856,0.137,0.519,117.187
367,6c6WmIHcHlhccEwSFBhzNa,Put It On Da Floor Again (feat. Cardi B),0.849,-7.323,0.0282,0.0603,0.472,111.363
368,2IGMVunIBsBLtEQyoI1Mu7,Paint The Town Red,0.868,-8.603,0.269,0.0901,0.732,99.968
369,6TkH5GHcf1U8kfqTkMFsau,You (feat. Bryson Tiller),0.811,-4.242,0.00972,0.0639,0.506,99.972
370,7omJfT9s6V2IpQNBYyq5C8,MY HOUSE,0.494,-6.438,0.0748,0.791,0.512,181.428
371,351CSUM0YDA0GCbHCSKoL1,Bow Bow Bow (F My Baby Dad),0.823,-4.336,0.194,0.318,0.455,85.051
372,7sliFe6W30tPBPh6dvZsIH,Area Codes,0.823,-10.867,0.0187,0.0876,0.507,154.569
373,69ZBK01gsgWUnA55BEaAPu,Point Me 2 (with Cardi B),0.773,-6.768,0.0354,0.111,0.279,155.026
374,1o8Z7GD1CeOaVBEyuzu4HO,On My Mama,0.481,-7.865,0.551,0.12,0.621,153.277
375,0ZxhtATQ0a6EvQNZ0z6NKV,Princess Diana (with Nicki Minaj),0.898,-5.196,0.14,0.101,0.742,147.991
376,24yrJJkmVUMkJHvCaR85BN,Snooze,0.571,-7.231,0.14,0.109,0.393,143.024
377,1iOdhNBdePXR632DhYZVO2,Booty Drop,0.87,-6.098,0.188,0.2,0.702,140.943
378,00WnaHagi3KLsrbs20OFVt,Sloppy Seconds (Ick Pt. 2),0.878,-4.481,0.191,0.237,0.735,139.921
379,7r6uppLBApzJPMpDmdFoi4,"Hey, Mickey!",0.943,-7.85,0.25,0.0981,0.725,134.965
380,6l8mgVN9Xf1hiDIFGA6CTE,AMERICA HAS A PROBLEM (feat. Kendrick Lamar),0.784,-5.289,0.0112,0.163,0.204,126.015
381,63bY2syFfehnI3Po2TaXL7,Not My N*gga - Extended,0.971,-4.593,0.0153,0.113,0.855,118.013
382,4pgeI9ohPGzSDeKE1D4dYf,"Keep Dat Nigga (Part 2) (feat. GloRilla, Kali & Big Boss Vette)",0.921,-4.486,0.116,0.226,0.785,114.02
383,7gwEKj4xXm9iRqxGhHxSI4,Work For It,0.952,-4.894,0.0414,0.173,0.494,104.008
384,6IEXjer2qbXhRLFv99NQQv,Pound Town 2 (feat. Nicki Minaj & Tay Keith),0.637,-8.126,0.174,0.149,0.49,178.037
385,73RbfOTJIjHzi2pcVHjeHM,What It Is (Solo Version),0.74,-5.851,0.061,0.0967,0.757,171.925
386,1bUhj0j6akbGxinxsVe6PR,You Wish (with Missy Elliott & Kaliii) – Remix,0.798,-3.385,0.0735,0.271,0.911,160.062
387,6G4ICKUrsPb117ULGyrQ5N,Na Na Na,0.743,-5.596,0.0031,0.0878,0.891,154.933
388,4hrd3G5XnJzDC5LZw0Fwgu,ISSA PARTY (feat. BabyDrill),0.707,-5.395,0.00654,0.344,0.524,150.014
389,0iCsRcu5mugWVlCMpD7wb1,K Toven,0.669,-8.574,0.354,0.204,0.457,149.897
390,2GAhgAjOhEmItWLfgisyOn,Low,0.698,-7.234,0.425,0.16,0.335,145.044
391,741UUVE2kuITl0c6zuqqbO,Barbie World (with Aqua) [From Barbie The Album],0.77,-8.393,0.519,0.233,0.753,144.072
392,38f9cuHs7dmGcyRCXAHxy5,Yung Joc (feat. Luh Tyler),0.684,-8.669,0.666,0.118,0.691,139.956
393,1xemKSmCnH59ze3KX5wwgH,Demons,0.821,-5.915,8.73e-05,0.18,0.344,139.885
394,44L2bY93uD65CEHWbozpx4,Pink Friday Girls,0.741,-5.211,0.0773,0.113,0.204,126.957
395,6j8rjIqqZkKnc0VzLjIN3J,BGC,0.938,-6.318,0.0123,0.1,0.54,113.982
396,1c99LA5Cf1agM5NMMAzVwc,SHOT O' CLOCK,0.88,-5.003,0.0239,0.0307,0.559,107.015
397,0DEjFljgDbPjkm5460EJnA,Face Down,0.882,-4.449,0.0102,0.112,0.275,101.989
398,3ivlOgTCKS7zk1lXlZsebF,Say Too Much,0.798,-5.439,0.0864,0.168,0.742,87.012
399,132Yd321hAG0oOz3lbiqig,Lick Or Sum,0.904,-7.001,0.00179,0.0815,0.64,85.015
400,6lasIWLndqFchulQMIH5Cm,Lackin,0.941,-6.765,0.136,0.115,0.434,129.997
401,0QosomGFiJYOxj2ViZfqng,Selfish,0.69,-6.752,0.0723,0.0873,0.376,88.004
402,4w2Furap0ZzaiK4J14E9sR,Think U The Shit (Fart),0.967,-6.647,0.0403,0.0809,0.311,122.101
403,79AHPJd8upvNxyK2qQcY8J,HISS,0.745,-5.056,0.078,0.213,0.686,167.137
404,6f2nWEm8aqMxKZtlxsyxWD,HEAVEN,0.63,-9.043,0.773,0.0966,0.405,142.772
405,0jeRoIMD1LHhUkQEbjkXQv,Where Do We Go Now? (Music from Lil Nas X: Long Live Montero),0.612,-6.638,0.0767,0.178,0.12,141.937
406,1peSFUNahpj7paMnJGg9aX,Wanna Come Thru,0.914,-3.775,0.108,0.134,0.183,120.965
407,7sjuNUjWtSqhbxJ3RAUffm,One Night/All Night,0.686,-9.352,0.03,0.641,0.638,116.139
408,05tGmdz9dVZ4yGqz4YJdPK,La Intención,0.794,-3.842,0.536,0.189,0.838,131.857
409,08uWHOhYijA1DXxhHSDBDH,When We Die (Can We Still Get High?) (feat. Lil Yachty),0.341,-2.69,0.0011,0.176,0.178,80.045
410,5CT3zRd2FKM7F81KEacXIP,"This My Life (with Lil Tecca, The Kid LAROI & Lil Skies)",0.623,-8.137,0.0355,0.117,0.186,142.137
411,2TpHdNgZWRCqmZ2iPG90fJ,Loving You Will Be The Death Of Me,0.659,-10.327,0.735,0.176,0.333,180.063
412,28k0oooG5GnOmR6fnx4kPp,ur special to me,0.421,-6.585,0.00112,0.271,0.243,172.047
413,1SBfaO3swtjh8dV07MExuP,Waterslides,0.323,-4.773,0.00446,0.166,0.233,173.497
414,0dXHRxaBl9mlrBh2XF3cIn,Lead Me On,0.466,-4.775,0.0116,0.119,0.312,147.967
415,13d25rq5AA5ppzekwPwtUz,Free Falling,0.319,-8.661,0.512,0.109,0.213,112.254
416,75gZhzqWDaqJgy19YERY5g,Turn,0.467,-4.947,0.0565,0.242,0.442,156.148
417,4s7hIsoRpnmaSvdETaIOSe,Gafas Negras,0.758,-3.534,0.238,0.673,0.715,104.022
418,25BaRS4eM52MTpYrrtROCz,Act A Donkey,0.779,-4.081,0.118,0.0712,0.833,84.937
419,7I3qbhPnoesyyqQdFJjjDb,PAIDNFULL,0.901,-5.549,0.0178,0.332,0.235,89.976
420,7JHVXlqkoXViFD4giUlzEs,No Evil,0.686,-5.909,0.0922,0.114,0.301,119.973
421,4f7tq7M9gHrh9fykTSDU6J,Crying Over U,0.569,-8.68,0.436,0.0899,0.448,132.085
422,4WlKWgWG030Cpatn5P6uGE,Read The Room,0.546,-10.915,0.381,0.092,0.564,123.084
423,537RDcN9XAScJPv9Rn3XDy,What's Love (feat. MUNA),0.474,-7.094,0.189,0.683,0.0719,129.953
424,7uJkYfpWvJiiBGsChnk56I,Say Cheese,0.821,-3.141,0.0868,0.331,0.802,105.078
425,5g4ARvINyjjLoiDX4roM8m,Roulette On The Heart,0.628,-6.273,0.593,0.0644,0.655,139.95
426,3cebUq89Iq26AHYYu5sLac,Runaway Train,0.577,-7.209,0.00115,0.372,0.622,126.047
427,4ne40SWAvqOQu0HD2fwgWd,Maktub,0.315,-3.998,0.0111,0.381,0.405,119.948
428,2KlWdo608p1j3BUnkKzmdb,How Much Longer?,0.457,-8.495,0.426,0.119,0.362,157.911
429,536ZTi6wWJQ2gYXkXnJwVX,spite,0.709,-4.448,0.00446,0.0292,0.862,142.012
430,62bjfb5YMLvZU44vfjJVxp,BEATS FOR THE UNDERGROUND,0.746,-4.879,0.0211,0.112,0.659,125.99
431,4b8zFITxLmN0rIbhuj5wub,RNS,0.92,-4.976,0.00518,0.0893,0.853,140.012
432,0peWrHmZmYS4D77vJJDMhJ,Sundown (feat. JID),0.599,-5.484,0.17,0.26,0.276,146.957
433,7chTH3GBjjAyagf0SPCZDL,SI SABE FERXXO,0.726,-2.035,0.0139,0.0891,0.489,95.997
434,6TFUhEcEsqGVMZeZtAeUzN,Spicy Margarita,0.74,-4.895,0.00771,0.115,0.572,129.954
435,4luohviQijMNU3yWu8xUMr,Beat Of Your Heart,0.751,-5.183,0.00293,0.127,0.496,120.97
436,0xmzoZJCBY5yu4xPmDLhEG,Dangerous Game,0.716,-3.378,0.0813,0.371,0.849,122.067
437,5yTixFP31a9CFwyh8vP80n,The Thief,0.732,-6.442,0.00241,0.0891,0.694,120.004
438,7bA2I7BtpuuxPwQE91nBUM,Say Something,0.236,-11.4,0.922,0.276,0.106,176.423
439,22CreGLxXnyqg2ktUVZShT,Easy To Miss,0.509,-5.392,0.0534,0.116,0.613,148.188
440,02Vncg7BGazGARW9CMVstt,Pick Me,0.706,-8.536,0.801,0.116,0.483,104.105
441,3HkLJLoUHQbKwjn3krWvpg,Everything’s Beautiful,0.785,-7.163,0.148,0.113,0.772,133.355
442,5yioG7z2EDTHR5aBN1WS7K,Sadie,0.524,-7.671,0.746,0.615,0.185,109.844
443,3ECkGETHF9WCdlRJmVdo7F,my mind (now),0.251,-7.047,0.111,0.135,0.0366,153.697
444,4Z7kVvEhQ3jqhskvmcrgfW,Prove It To You,0.685,-7.002,0.00518,0.0904,0.339,129.859
445,4Inza1lYiwj1XWGaEoY3B5,Trick,0.856,-9.15,0.179,0.0794,0.182,128.171
446,1MLZBL9ZTB4PiPmfjtkMda,Lil Yea,0.51,-7.497,0.153,0.118,0.575,159.99
447,4t2QWoBL2RAsIGUjEs4EHK,Narcissistic,0.697,-4.112,0.382,0.195,0.422,125.982
448,03grA043a1uECo5Kyw28a0,Girls of the Year,0.752,-4.223,0.0132,0.112,0.389,138.014
449,1bmIRafMOhUKsnZE7haw2u,Perdió Este Culo,0.621,-3.228,0.145,0.375,0.445,92.929
450,37o1LWelGPbIdcf8YGMBP5,Bad M'fkr,0.758,-5.101,0.251,0.247,0.962,160.047
451,2ULTiHf6StaL4Hbyarfr2h,Skin Parade,0.21,-8.059,0.438,0.0753,0.164,54.561
452,1seLWPX7HzMY1FZ4lrGXuD,See you soon,0.433,-6.492,0.00778,0.221,0.228,136.009
453,1KtQmheytoTI6kOM8yCowf,This Heart,0.406,-5.124,0.0889,0.158,0.271,150.054
454,4447WSwIe8Q9LNKIh7kZDQ,Break,0.515,-6.675,8.46e-05,0.146,0.266,101.006
455,6s2NbDQhKWMS3BauT5Nr3d,What Do You Do for a Living? I Do My Best,0.785,-6.624,0.171,0.0952,0.659,116.014
456,0uLIQiuVCXBoe2w8n4Thyz,huh,0.58,-4.789,0.466,0.0713,0.52,168.158
457,3F8b80zjERYnKDDBiag615,32 Bars,0.814,-5.81,0.148,0.318,0.498,111.378
458,7bA0Di2pbdscrttwpwrTjp,Instincts,0.428,-7.023,0.726,0.241,0.434,77.535
459,4MOjkGH2sVPELfgpZ5AvwK,Drives,0.612,-10.328,0.882,0.225,0.504,102.814
460,7HupMpgxBnu6QgEsJibKU0,Simple Things,0.725,-6.364,0.237,0.0825,0.733,96.976
461,3Fug6rfarsHtM6Ws9ofzaD,Lovesick,0.588,-5.725,0.285,0.19,0.702,151.874
462,7a0rz1HgCmWb5SwugYEibo,Everybody Knows I'm High,0.589,-4.078,0.00701,0.363,0.4,99.886
463,1Y2eoRAhwsjCKcdNnrZOzV,Mr. Sandman,0.955,-7.273,0.219,0.129,0.407,132.035
464,1M31zIMamohkItOjLaBbtx,V.A.N,0.641,-5.243,0.000425,0.382,0.341,102.518
465,4mD2clo4xlw6aCk5LC7dsi,SHOWER SONG,0.934,-11.959,0.51,0.105,0.652,100.06
466,0qFS3YSjOgoO7qiOekDJtp,Faldas y Gistros,0.693,-4.155,0.126,0.079,0.623,180.195
467,30s8okRLYZmSEEHegXmDad,Uto,0.529,-4.12,0.00128,0.119,0.39,87.043
468,5Xeoc9cN5lq76CTzOybJuU,Back Again (with Snoop Dogg),0.816,-4.795,0.056,0.177,0.735,91.001
469,3HJ8qcX2TGkpZB2hE2oxhr,Bang The Bus,0.607,-13.319,0.19,0.327,0.222,151.976
470,2YK4w5AUbAyjgdokQuCzoj,Burn The Hard Drive (feat. Mura Masa),0.646,-7.246,0.293,0.113,0.389,175.528
471,4akOHAXlPBcIjImF1N7KDi,Revelator,0.511,-10.288,0.184,0.0792,0.456,142.94
472,2hPGwgrohMaMbEvjtNrw0G,Milwaukee,0.464,-4.656,0.269,0.214,0.554,166.91
473,0wkAesjWf52ubUT4ZK8VN0,$10 Cowboy,0.571,-5.684,0.356,0.133,0.751,75.521
474,2gvPDTxttF9RbvCcwrtrWi,How Great Thou Art (Until That Day),0.506,-6.795,0.00801,0.0927,0.199,133.988
475,5IwLjYaHO04YqP9SZRmIi4,Who’s Been On Your Mind,0.517,-12.517,0.834,0.112,0.373,119.285
476,05J1TrLoz4F1NfvLsaUMp3,BEEN DA WAVE,0.813,-8.327,0.0159,0.153,0.176,133.051
477,3Zt0VZcBR4DGmuEzpJh7PR,Candyman,0.748,-4.994,0.0396,0.101,0.246,166.006
478,4WNetbhwSqOmlmEX6ym824,Drop Dead,0.622,-8.006,0.477,0.175,0.528,142.281
479,45h8fd89Ft7vIaGMDWNFOV,Conversations,0.468,-22.196,0.808,0.326,0.505,139.91
480,1Patip73Sq1xQw7GGwSFtw,I Told You So,0.478,-10.472,0.872,0.323,0.328,123.125
481,2h9qRt8R214yJEBfoPAv3B,Strangers,0.538,-4.061,0.011,0.224,0.515,123.925
482,7fBDo5rkKphtAqiDc21wWH,I Could Be That Rain,0.558,-5.501,0.147,0.103,0.753,144.04
483,7nRuVjmhfYCraHEhfgNv1j,Hide Your Kids,0.509,-7.486,0.0414,0.116,0.682,180.022
484,2mUl2MNzIO6BHCrI1QdEcj,Sickly Sweet,0.681,-8.302,0.0261,0.356,0.728,119.961
485,09p7aiG886Vev83CeQyjPh,Tell Me Daddy,0.548,-7.043,0.000852,0.034,0.625,155.051
486,5y0ZkrwaaXuTrW3Sbo4UI3,W Hotel (feat. Toosii),0.728,-4.768,0.379,0.11,0.306,144.046
487,3q3ItcIZzhzCSmKIvWhfWU,Altar (Hosanna),0.718,-8.343,0.118,0.0807,0.471,113.012
488,6tFXzOTZCTZ8t62NiLjC5z,Punta Cana,0.823,-3.332,0.392,0.0622,0.807,107.936
489,3FJapheyNIZg3W7bt1qpOa,Anabelle,0.746,-7.041,0.41,0.15,0.375,120.965
490,7wzVnZOa84dO3TMLFXJcpd,House On The Water,0.356,-9.534,0.347,0.239,0.528,106.682
491,0sfqrYeRPs5tJISfVGQscT,Jesus Song (County Line),0.54,-7.273,0.701,0.115,0.264,79.057
492,5lhBGOeNrfMPDpPFDJcvSl,let them know they're on your mind,0.39,-5.77,0.207,0.13,0.207,141.683
493,2Bqs1VyrVezmDp9pBUr1GL,awitado :(,0.423,-7.65,0.31,0.0901,0.375,179.698
494,4Fuf1v4kPQ6RIvEGlUfvaq,Grey,0.681,-3.325,0.278,0.0718,0.891,93.893
495,0XPbfOslBygbuNk3Is3j8v,Wop Wop,0.823,-4.188,0.155,0.111,0.844,124.034
496,7dioIGShUMZ1bouCeA1lda,Standin' On Bidness!,0.875,-8.101,0.012,0.119,0.481,102.014
497,45hMdaPF4b47baFQHgI5Mj,DOSiS,0.858,-3.698,0.135,0.34,0.698,106.011
498,3UFQS4N8U8BvmfBB7O2Xzj,Mis Amigas,0.57,-4.214,0.199,0.282,0.789,94.883
499,1E3GhjaQttI7MXMT9oSgZU,PIN-EYE,0.42,-2.668,0.1,0.253,0.41,110.034
500,4qBRHPDCVYlJVVDD2qrPpH,Perfect (feat. DaBaby),0.833,-10.278,0.0599,0.159,0.763,82.481
501,3IPnBzGRMg6BfViFxxa0Gq,"Love Is an Open Door - From ""Frozen""/Soundtrack Version",0.737,-6.308,0.262,0.319,0.537,100.033
502,3eR3lWuvQqOzhTn91nbRCa,Something That I Want,0.554,-5.897,0.0128,0.476,0.963,168.956
503,6mb6lVLNrcUgLnEN8QnDJd,How Far I'll Go,0.571,-10.958,0.649,0.178,0.108,83.72
504,760jhRscwGbIIe1m1IIQpU,Surface Pressure,0.65,-8.286,0.0174,0.042,0.37,180.088
505,0SccFtYdj75y6lL2OW10Cf,Steal The Show,0.618,-13.154,0.332,0.279,0.419,92.489
506,5yvHjO06WHe7ETlgirLjbw,"This Wish - From ""Wish""",0.48,-8.739,0.435,0.0972,0.337,120.1
507,03xWMkKEbeO4SnylA53ipj,"When Will My Life Begin? - From ""Tangled"" / Soundtrack Version",0.673,-7.581,0.112,0.0897,0.385,108.066
508,52xJxFP6TqMuO4Yt0eOkMz,We Don't Talk About Bruno,0.577,-8.516,0.357,0.111,0.83,205.863
509,6U4VqEHy4n5VeiH4pQPL24,You're Welcome,0.788,-7.072,0.29,0.0373,0.672,135.278
510,3Z0oQ8r78OUaHvGPiDBR3W,Into the Unknown,0.323,-8.533,0.849,0.138,0.274,145.104
511,5iA6APikmuIeaAe9MMluny,"I Just Can't Wait to Be King - From ""The Lion King"" Soundtrack",0.696,-9.884,0.315,0.104,0.881,98.829
512,0qcr5FMsEO85NAQjrlDRKo,"Let It Go - From ""Frozen""/Soundtrack Version",0.543,-6.85,0.558,0.12,0.371,136.961
513,2bwSCIuNtVrQPVddCi8sOW,Where You Are,0.707,-9.279,0.743,0.172,0.748,118.037
514,7HphtEcMxf0ViBb8wtU8Re,"I'm A Star - From ""Wish""",0.764,-7.412,0.176,0.0259,0.717,109.957
515,0OFknyqxmSQ42SoKxWVTok,Un Poco Loco,0.62,-7.509,0.597,0.322,0.636,126.032
516,5UK5ZeUAzy3Am4VeU6ouV8,Part of Your World,0.422,-13.353,0.879,0.12,0.205,105.931
517,5jzCoRQd6YsKNWy4S3SUsx,"This Is The Thanks I Get?! - From ""Wish""",0.817,-7.928,0.152,0.087,0.776,110.001
518,70b5Sq3ePOu3Gqg0hjlOtR,"For the First Time in Forever - From ""Frozen""/Soundtrack Version",0.354,-6.018,0.815,0.106,0.43,90.831
519,1Tt7zr1yDbKbT8L4jzSZ74,When I Am Older,0.73,-7.001,0.705,0.103,0.434,116.893
520,1N3dZ7TTWO6VcD4Y3hHYLZ,Try Everything,0.705,-4.897,0.0257,0.0846,0.476,115.474
521,1uyTVf2kc69fe1i8frN3Lf,"Knowing What I Know Now - From ""Wish""",0.687,-5.663,0.272,0.0523,0.535,119.697
522,3XoYqtiWHhsk59frZupImG,What Else Can I Do?,0.718,-5.568,0.258,0.101,0.54,119.974
523,4Y8vb1uy9IjM2V1hqvrAid,You'll Be In My Heart,0.568,-6.54,0.0626,0.0947,0.623,96.59
524,2yi7HZrBOC4bMUSTcs4VK6,"Do You Want to Build a Snowman? - From ""Frozen""/Soundtrack Version",0.306,-15.551,0.85,0.257,0.166,174.053
525,4b1yxSdlumA8N4fEk4UOZp,The Family Madrigal,0.594,-6.345,0.12,0.0582,0.556,141.391
526,79juTmh89v1xqOLYsr6wSq,Under the Sea,0.623,-7.995,0.659,0.318,0.931,121.252
527,28UMEtwyUUy5u0UWOVHwiI,I'll Make a Man Out of You,0.672,-17.669,0.144,0.074,0.496,113.852
528,7GmiJVBAzWNikX5VkNQg85,Hawaiian Roller Coaster Ride,0.702,-9.927,0.314,0.0669,0.947,114.542
529,6oYkwjI1TKP9D0Y9II1GT7,Under the Sea,0.511,-14.667,0.708,0.105,0.819,98.957
530,7G061Oqw7NXFr1NDTpXoI4,"Happy Working Song - From ""Enchanted"" / Soundtrack Version",0.508,-10.175,0.844,0.325,0.646,172.216
531,2g2kJZcu1cFTw4aKE7w9Iq,"When We're Human - From ""The Princess and the Frog""/Soundtrack Version",0.688,-4.35,0.305,0.375,0.533,107.054
532,0CKmN3Wwk8W4zjU0pqq2cv,Arabian Nights,0.507,-15.568,0.689,0.214,0.497,128.946
533,2WjNeDXYk0EdyCSpK9hi5x,"Welcome To Rosas - From ""Wish""",0.496,-5.643,0.411,0.0839,0.912,172.267
534,2xUdYfY3LpJb4Iv37RypnO,I Just Can't Wait to Be King,0.683,-8.041,0.143,0.618,0.751,99.023
535,1fvc8FP8MUrIbHGYb4kF89,Down in New Orleans (Finale),0.582,-3.644,0.457,0.17,0.722,147.981
536,2F8LPJgSVTJxukoParTyBD,Be Our Guest,0.435,-13.062,0.814,0.0885,0.583,73.531
537,1hwdPQtFHISvZ9SXMkNrIK,A Whole New World,0.283,-15.793,0.846,0.1,0.128,121.419
538,4NMNwdmbiSGlDdMha5k6ks,Kiss the Girl,0.675,-13.55,0.873,0.0695,0.67,131.007
539,1OzSfjFW08DTD51XoNnog7,"That's How You Know - From ""Enchanted""/Soundtrack Version",0.485,-5.485,0.497,0.219,0.52,174.025
540,4zDfgax6Ihb0UWdour1ZEs,Zero To Hero,0.474,-7.699,0.493,0.0978,0.697,164.718
541,50WeOnXhM1H7AZEeIDoWfZ,Show Yourself,0.321,-7.073,0.724,0.0606,0.174,123.419
542,0XPsOSYzDJZJArevQNm2AR,Speechless (Full),0.474,-7.625,0.467,0.119,0.23,124.844
543,4bV5sf2B4hWBBd5HQ8S7KB,Nobody Like U,0.905,-10.06,0.129,0.101,0.751,105.026
544,7tUSJY4nsDBJTjd1UXKRsT,Part of Your World,0.274,-14.516,0.92,0.29,0.302,61.551
545,3XFkhxO5jo2hBOWNzIQ9UB,"So Close - From ""Enchanted""/Soundtrack Version",0.323,-11.499,0.776,0.153,0.19,79.948
546,0TCt7OFRdD8PQ6vTRQxNgQ,"I've Got a Dream - From ""Tangled""/Soundtrack Version",0.604,-7.378,0.639,0.169,0.892,134.326
547,0d83zVs3OmdjrhfoAxg1dE,U Know What's Up,0.812,-9.796,0.0361,0.0926,0.488,110.046
548,3s6nfqfT6kyLBT10vs0M4l,A Dream Is a Wish Your Heart Makes,0.274,-18.279,0.948,0.0801,0.195,139.381
549,7kh64k3P9Fk4EsA6vOdwmj,Dig a Little Deeper,0.719,-4.26,0.39,0.103,0.798,98.023
550,1fb6MBRagJq42pzMMFYhHf,When You Wish Upon A Star,0.162,-10.192,0.905,0.175,0.133,85.259
551,3M6YfoPwvvTHK1mnCQmqHI,Love,0.298,-15.08,0.884,0.109,0.437,74.202
552,0E2ARPr6Anq8l4dwsu8hbP,Some Day My Prince Will Come,0.378,-19.473,0.774,0.28,0.339,83.604
553,5Zb6JxSEcjsUNrINcAyAYJ,"Strangers Like Me - From ""Tarzan""/Soundtrack Version",0.588,-6.275,0.164,0.209,0.547,120.97
554,1lOSxJNCLvWm2bYaTcTSmK,"Mother Knows Best - From ""Tangled""/Soundtrack Version",0.403,-11.371,0.829,0.0451,0.473,69.283
555,3oRW9ZGPRbLRMneQ5lwflt,Waiting On A Miracle,0.48,-8.145,0.171,0.131,0.267,190.066
556,6Z2nmTZ1xS2Gujt5apa7HZ,Rock On,0.699,-4.092,0.0392,0.327,0.57,115.022
557,4Xbotg4PCLJw9cDx2dtZLK,Some Things Never Change,0.566,-4.485,0.613,0.106,0.299,89.937
558,5yyqx4brn6Bm9U1Rj9ENnz,"Touch The Sky - From ""Brave""/Soundtrack",0.372,-7.954,0.137,0.103,0.33,119.013
559,7bG6SQBGZthPDG5QJL5Gf7,"In Summer - From ""Frozen""/Soundtrack Version",0.5,-9.536,0.536,0.59,0.684,77.124
560,1xWsoIgBYgLfMkn2kBY7YI,The Scuttlebutt,0.862,-9.547,0.175,0.0736,0.863,149.898
561,64Eug7tFE4KWJNQUE73BGe,A Star Is Born,0.681,-6.248,0.382,0.391,0.725,117.54
562,3wjgPeXocinhLyPL37p70e,A Girl Worth Fighting For,0.368,-17.313,0.564,0.281,0.849,175.741
563,0cqNGWvuukhCiKvEX7utys,We're All In This Together,0.76,-6.356,0.0451,0.649,0.805,116.013
564,2KPMRUOwr8yB32EMvIg8aT,"Circle of Life - From ""The Lion King"" Soundtrack",0.43,-11.662,0.0858,0.256,0.556,83.725
565,3G9ZnSjGYyHx7e221v0qse,He Mele No Lilo,0.73,-12.427,0.46,0.104,0.394,126.592
566,5f2TWu6R2YYCJtLQ0fP78H,Friend Like Me,0.688,-6.162,0.0536,0.145,0.665,97.703
567,6GJ9seY4zx11sHMX9xsH6h,Loyal Brave True,0.592,-9.286,0.601,0.106,0.477,142.983
568,7h5crXBSY5SSpXRIlklv74,The Bare Necessities,0.788,-18.298,0.768,0.198,0.545,102.957
569,7lPxGs556PD8H3bUd9LzHp,I2I,0.728,-7.993,0.0394,0.743,0.775,130.136
570,6TL9gJE5JibG8QR6n26eCS,"Can You Feel the Love Tonight - End Title/ From ""The Lion King""/Soundtrack Version",0.312,-12.621,0.865,0.112,0.158,123.717
571,5cvzqk8wsmLA9P7LrZCRb2,"Supercalifragilisticexpialidocious - From ""Mary Poppins"" Soundtrack",0.516,-11.213,0.574,0.162,0.901,156.995
572,01tNpXoTjrqvb1zhG6wmop,You Never Know,0.481,-7.223,0.172,0.0851,0.174,161.687
573,6sCvvleqKbeyOkQDieBYgp,Lift Me Up - From Black Panther: Wakanda Forever - Music From and Inspired By,0.247,-6.083,0.899,0.131,0.172,177.115
574,6uW03WHG3qv2FzxPIW6SUP,The Gospel Truth I / Main Titles - Hercules,0.5,-10.528,0.25,0.145,0.466,158.072
575,4gzwK4RdSK9M43vPY68J2Y,It's All Right,0.552,-9.768,0.585,0.316,0.614,105.108
576,1v6svH1Fyx9C1nIt1mA2DT,All I Want,0.376,-6.585,0.0902,0.0912,0.129,77.599
577,5JKhXfLo9QUOV38egXmhcI,Wild Uncharted Waters,0.255,-11.006,0.875,0.0822,0.347,86.335
578,50ssiEHx556vul2XyUbxwU,"Bibbidi-Bobbidi-Boo - From ""Cinderella"" Soundtrack",0.513,-8.57,0.949,0.233,0.887,105.862
579,3liiZRlJxa8GeLUgWMoIeu,"Once Upon a Dream - From ""Maleficent"" / Pop Version",0.289,-16.574,0.659,0.109,0.167,119.997
580,4wN8Ov3kPZdkJ8XcYxYUGz,One Jump Ahead,0.561,-16.437,0.426,0.742,0.693,123.672
581,4ljlAxfaEjO4Q4g9FMtVj4,Remember Me (Ernesto de la Cruz),0.446,-6.634,0.565,0.143,0.61,128.908
582,0HL3y3bsKSARBSP0qaImwb,Carried Me With You,0.639,-7.775,0.271,0.111,0.372,98.384
583,3fytQQcjEOWXlvI9BDXVcK,What's This?,0.518,-10.907,0.818,0.126,0.501,81.486
584,3iQyxNq8TnhYimIMrKbEwa,A Little More,0.563,-10.132,0.751,0.0861,0.215,126.104
585,421eObjg0DTm2qajJl5OJm,Into the Unknown - Panic! At The Disco Version,0.456,-6.225,0.0244,0.21,0.313,116.719
586,0D1OY0M5A0qD5HGBvFmFid,Go the Distance,0.275,-17.077,0.879,0.0791,0.21,88.626
587,3jGAUGvmWbPe2LPc8Hon1c,One Way or Another (Hocus Pocus 2 Version),0.571,-4.816,0.0717,0.174,0.679,81.001
588,4qCySCQyiyLT2mVUOM2zdS,The Rose Song,0.437,-8.991,0.786,0.107,0.461,141.897
589,2xdvhChCtpYxyNApVJEUG1,"When You Wish Upon a Star - From ""Disney 100""",0.198,-10.31,0.486,0.0952,0.0819,88.614
590,1cPfKp9ThNZ1fez9itmUMN,Belle,0.524,-7.641,0.82,0.0817,0.327,123.66
591,3c1ItvzDDDpmDgLH9SIUp4,Immortals,0.703,-6.336,0.00064,0.38,0.722,108.025
592,6klpXs2uAjagnZMFkt4qkl,"I See the Light - From ""Tangled"" / Soundtrack Version",0.281,-14.392,0.829,0.0725,0.169,92.64
593,0PKmDncVOiNQLO6D1P6PXi,I Won't Say (I'm In Love),0.684,-10.305,0.228,0.157,0.48,121.208
594,2stkLJ0JNcXkIRDNF3ld6c,You've Got a Friend in Me,0.689,-12.134,0.817,0.285,0.471,115.835
595,5EeQQ8BVJTRkp1AIKJILGY,All Is Found - Kacey Musgraves Version,0.438,-13.573,0.954,0.117,0.106,153.02
596,7zsw78LtXUD7JfEwH64HK2,Poor Unfortunate Souls,0.384,-17.279,0.77,0.367,0.368,73.603
597,4U9CF27YlwHRtUGKUzhUTT,A Whole New World (End Title),0.302,-8.16,0.0575,0.0861,0.105,110.508
598,75VAFZAhvPSw1euEHg1fQU,Kiss the Girl - Remastered 2014,0.67,-15.638,0.748,0.357,0.757,134.932
599,1nrXPF5szKZhHr0iANiPcS,"Mother Knows Best (Reprise) - From ""Tangled""/Soundtrack Version",0.55,-10.683,0.826,0.206,0.552,110.539
600,6jPVyjPqp2BNUJnDSwm8tK,Two Oruguitas,0.563,-8.888,0.736,0.086,0.482,94.799
601,05tGmdz9dVZ4yGqz4YJdPK,La Intención,0.794,-3.842,0.536,0.189,0.838,131.857
602,3QQAeMQbbjZXVFbF8DgFWT,FIRST LOVE,0.694,-6.24,0.358,0.299,0.794,73.929
603,0lbDzTINTToToBpkrnQT2t,UNA CERVEZA,0.727,-6.508,0.0281,0.223,0.735,135.094
604,1sXr6moCwVxwKEgSPxhVvF,Apaga El Cel,0.744,-6.576,0.101,0.148,0.814,125.258
605,213Q7w8RMi5qbj18kvWasy,Cactus,0.688,-6.383,0.132,0.403,0.466,130.169
606,5YZgFW1hURKX02zTayrpGI,BARBIEZ,0.807,-6.533,0.383,0.138,0.792,118.081
607,2DRGyAlo0ht15FGLTQPCCt,Ya No Estoy Dolido,0.83,-6.634,0.0365,0.0904,0.722,123.051
608,1xgWArLVFD1AKsLzftZYc2,Elvira,0.76,-6.966,0.0812,0.0921,0.798,128.134
609,3YgWZ3CTC5ohdF9EdZjuMT,Adrenalina,0.733,-9.338,0.00985,0.199,0.417,136.472
610,4Nf5EZ40JenjMUKXOiyRU5,NUEVA VIDA,0.639,-7.376,0.296,0.18,0.852,179.971
611,3wlIAXSDtlD9iU8ysld06Z,BIPOLAR,0.776,-5.223,0.513,0.0902,0.603,112.032
612,6UtWwuheJr5LLDeVypPNx7,EXCESOS,0.742,-5.913,0.172,0.0857,0.796,128.053
613,2CshODtf7iwe3pKlPmEWF5,TRES BOTELLAS,0.723,-7.688,0.246,0.201,0.587,97.481
614,4loIMejzvt11s97SGVEat8,Poco A Poco,0.779,-2.212,0.426,0.0691,0.732,140.282
615,0R6NfOiLzLj4O5VbYSJAjf,La Diabla,0.751,-4.372,0.255,0.236,0.697,131.842
616,2OWv3lRR8PtOVuHWzQNRs2,Rompe La Dompe,0.757,-7.966,0.607,0.169,0.759,130.098
617,1tzj4DDVNp6X2ltpdTGtZW,La Suma,0.645,-3.499,0.271,0.0795,0.962,147.642
618,77phWAt2l34OadUUUqi5ai,Pixelados,0.744,-5.789,0.519,0.114,0.462,91.971
619,4zfQER4owi8q6NL8Gg63Ya,CRAZYZ,0.809,-6.565,0.216,0.112,0.778,125.953
620,51qYdMBxt9mFbtZBzq1Yfi,Regalo De Dios,0.792,-6.097,0.197,0.0855,0.916,108.939
621,32hCeeK3ayPux4UauNPsgA,ALV,0.777,-4.156,0.128,0.116,0.401,93.051
622,6ED7qim1NAX1HjNU8039WS,Alucin,0.787,-4.681,0.00331,0.115,0.509,128.0
623,3HOKxuTDmNVmIlCIpBiD8m,LAGUNAS,0.77,-10.621,0.328,0.149,0.792,115.952
624,1TEKUj8c5iyRNUUxo9SdSD,Modo DND,0.756,-3.483,0.182,0.227,0.571,134.887
625,5B8FWDSKUT5Ui1CsCfopWh,Bling Bling,0.725,-8.501,0.512,0.138,0.881,97.398
626,492zkdiUa0CECUDyiG3d35,Rápido Soy,0.826,-5.313,0.0699,0.104,0.866,144.888
627,4mGrWfDISjNjgeQnH1B8IE,Primera Cita,0.544,-7.804,0.607,0.0969,0.502,157.939
628,29vIEdxgMT9H1fnBMecWjA,Lo Tienes Todo,0.702,-3.599,0.204,0.0698,0.63,117.897
629,6YOfGIE6iFxC7G8OlGGvzW,ROCKSTAR,0.761,-7.188,0.292,0.137,0.895,125.036
630,5LXnSZVJ3kvi0MpA4ryjIb,Mafiosa,0.789,-5.21,0.683,0.101,0.815,137.919
631,1rXxK89X0XGpIdTB6CwiFu,A Puro Dolor,0.743,-5.358,0.0632,0.198,0.263,129.888
632,3FvTHuefYV6TxE3Kseqno8,LOU LOU,0.739,-8.361,0.0622,0.454,0.694,130.002
633,4AtRBtemYPsLbwdJRMj5rw,Sin Tanto Royo,0.754,-5.366,0.495,0.27,0.824,134.01
634,127UT7AiWflJwjXWUBBVTQ,O Me Voy O Te Vas,0.684,-10.702,0.076,0.0533,0.796,99.24
635,0DBs6MtftX1ywn0wYVtQ5S,Derecho y Chueco,0.809,-6.578,0.725,0.217,0.757,127.023
636,4t46soaqA758rbukTO5pp1,Mi Bello Angel,0.807,-6.961,0.0185,0.118,0.864,127.909
637,1PTgQ0HyfwbXRKapVPNKxI,Tipo Gatsby,0.703,-6.734,0.0458,0.0992,0.763,133.096
638,2O3V4meZv0bEc1LPITGvcC,La Nena,0.764,-5.201,0.264,0.109,0.922,156.788
639,0dWSN9JS8vAcnM8a6lxIrB,No Es Mentira (Version Norteña),0.813,-6.654,0.422,0.139,0.783,115.043
640,5XVdHRf4CAJ2Jm0uMIy5qY,La Víctima,0.778,-3.598,0.152,0.109,0.666,140.082
641,4DnhYGcizQepwr7vvvntih,ALVRGZO,0.68,-5.064,0.167,0.123,0.525,128.085
642,0O3U5iwTbiXCREMkvotJuN,EL AMOR DE SU VIDA,0.616,-3.069,0.06,0.338,0.746,151.701
643,1SlPNQ3vAF56AiHr6Ul6jM,CCC - Remix,0.713,-2.703,0.124,0.345,0.957,148.061
644,6CvTEtGagmzQvkUzzyKR9k,HARLEY QUINN,0.815,-6.04,0.0277,0.219,0.591,125.031
645,6uIIdjYTxxpWOyWuVXrKQO,Que Onda,0.808,-4.863,0.183,0.138,0.937,124.934
646,7CVYguEu1LDPnYIQexs5xS,Nos Extraño - En Vivo,0.577,-5.09,0.161,0.0882,0.611,139.737
647,5cWgwbui8BasfjCXvBZ7UA,Alch Si,0.778,-4.969,0.14,0.335,0.847,119.99
648,5BTibB0lM8fExn033QebZJ,Casi Completa,0.719,-5.932,0.174,0.118,0.772,129.952
649,2TJKY0WSFufZOzbRNgl6zE,ELOVRGA,0.793,-10.515,0.132,0.115,0.578,129.992
650,5aUcRdeMllzipglMOSi5JX,Otra Noche,0.492,-6.279,0.172,0.372,0.316,173.374
651,1XcFa5d1qoWdCIICnXlggj,I Wouldn't Mind,0.557,-7.583,0.798,0.0951,0.411,108.055
652,6tNQ70jh4OwmPGpYy6R2o9,Beautiful Things,0.472,-5.692,0.151,0.14,0.219,105.029
653,4tKGFmENO69tZR9ahgZu48,Murder On The Dancefloor,0.73,-5.281,0.00234,0.312,0.887,117.31
654,6uTPdRrEDeH8Fyg5L5qmeU,Never Lose Me,0.781,-7.857,0.0504,0.0981,0.0743,121.964
655,6XaJfhwof7qIgbbXO5tIQI,Igual Que Un Ángel (with Peso Pluma),0.685,-5.36,0.00348,0.183,0.464,107.999
656,52eIcoLUM25zbQupAZYoFh,redrum,0.624,-8.445,0.00529,0.5,0.246,172.089
657,69phA1R4gmQsBFRQ3INW8C,ONE CALL,0.65,-7.281,0.00617,0.114,0.253,158.105
658,4HMop4Re0iucehmF7mgV27,act ii: date @ 8,0.718,-13.02,0.435,0.0748,0.749,138.811
659,3h5TiWTqGxjSjFrbruPFH9,Praise Jah In The Moonlight,0.66,-4.028,0.128,0.524,0.418,125.023
660,34Yl756FwYuZldE9xnshj5,if u think i'm pretty,0.542,-6.094,0.533,0.556,0.399,143.646
661,68mOSKT4uBkKddEAhlMO61,Home,0.573,-4.493,0.0299,0.116,0.156,77.005
662,3IznIgmXtrUaoPWpQTy5jB,Not Allowed,0.67,-6.855,0.669,0.349,0.563,104.965
663,17UNijHcIMuz5ik2UKeCjK,I’d Rather Overdose,0.338,-10.224,0.0199,0.133,0.385,106.765
664,6ZXL1A1BVshe1JZ1IY734k,Poison - Hazbin Hotel Original Soundtrack,0.659,-5.015,0.0207,0.0959,0.462,74.983
665,3zEN0ii6s4DHHBpnTp3RP7,We Are The People,0.675,-5.404,0.0801,0.422,0.534,122.989
666,7vOmSP2647oNUGGEhWd1cr,Montagem Mysterious Game,0.537,-10.441,0.146,0.157,0.222,130.051
667,4VL5XwfATZuAVTW471Wpro,FUNKED UP - SLOWED,0.755,0.254,0.00288,0.0567,0.702,109.952
668,0kdqcbwei4MDWFEX5f33yG,Bling-Bang-Bang-Born,0.853,-6.836,0.0841,0.166,0.746,157.013
669,0EF1EE8zusg3Y869e56JFd,Nothing's New,0.421,-8.312,0.863,0.0984,0.399,96.192
670,0WIv5qV41y6YjjB9V1biuC,Made For Me,0.785,-6.42,0.137,0.131,0.0569,120.006
671,3U5JVgI2x4rDyHGObzJfNf,Unwritten,0.706,-6.333,0.00584,0.0822,0.629,100.011
672,6VObnIkLVruX4UVyxWhlqm,Skyfall,0.346,-6.864,0.417,0.114,0.0789,75.881
673,7sRz3vO2bEMhZGEkjnfMxb,"Loser, Baby",0.483,-6.177,0.497,0.129,0.628,88.064
674,516v2eji9NjkmsYc9PErx4,Cha Cha,0.958,-9.295,0.179,0.0844,0.639,122.057
675,4wQmwPWCUn6gi11Gep2qsP,IT GIRL,0.969,-5.509,0.00822,0.314,0.421,124.991
676,1Hg0KhBCuME4PgsTYMBK9y,Мой мармеладный (Я не права),0.8,-4.473,0.0235,0.259,0.762,120.025
677,535x8FTM99UR6ZhZN8BM4A,Bad Feeling (Oompa Loompa),0.699,-3.907,0.088,0.077,0.903,189.835
678,1JgknGBbrfmEHeOZH051SS,ecstacy (slowed),0.551,-7.311,0.0173,0.381,0.195,106.414
679,1kJSda5yj2yM7NLXItqgZD,Diamondz n Roses (Back It Up!),0.615,-10.152,0.00241,0.193,0.398,140.108
680,3HVePjHJWt5uI9HtHgV4aM,Tacata,0.842,-3.854,0.13,0.0712,0.451,133.958
681,3oUEzTAoOxqZHN4xiqTGqJ,Bécane - A COLORS SHOW,0.504,-7.765,0.333,0.0976,0.234,117.866
682,3Pbp7cUCx4d3OAkZSCoNvn,Scared To Start,0.527,-11.258,0.384,0.403,0.443,148.035
683,54L7uacUGRkvoLokUlNWfH,CLEARED - Remix,0.631,-9.014,0.685,0.0799,0.457,129.868
684,4YQgOgIElFtEvwJQ9ArWL7,FΛSHION,0.752,-6.258,0.000915,0.706,0.253,119.999
685,38R5sydMbsBzSPGPMfmtpb,MR. TAKE YA B*TCH (FEAT. CHRISEANROCK),0.707,-11.232,0.00152,0.125,0.322,164.117
686,7nn4MXs89QymmNzRreTywe,Ick,0.92,-3.349,0.274,0.259,0.598,137.961
687,3hv6ndi7uFT9L9wrhQCsqY,Gucci Flip Flops (feat. Lil Yachty),0.82,-7.18,0.0351,0.122,0.177,159.976
688,1a73gcEg6h6Re6hHXoVltJ,FTCU,0.928,-6.751,0.0175,0.118,0.242,144.995
689,7to68V64Cu6zk0UDo5tyw3,Confidence,0.59,-9.607,0.0637,0.105,0.561,140.835
690,0whmIaItqkT8e5PVuPyhvT,Perfect (Exceeder),0.667,-6.845,0.0248,0.466,0.681,127.879
691,4Fv6wNYUixnYkj3Dgfrls8,Tumblr Girls (feat. Christoph Andersson),0.49,-9.762,0.101,0.128,0.346,121.889
692,6rjuKpPydT2SxN15TZpV7r,500lbs,0.722,-5.451,0.0942,0.119,0.529,122.986
693,3XqM8hLCEYlbnFjoWwqtFv,Angel Numbers / Ten Toes,0.406,-8.452,0.192,0.175,0.0905,157.984
694,6ZLt6fyonW1xOGMBC9vJPJ,How To Never Stop Being Sad,0.414,-17.929,0.952,0.104,0.132,97.236
695,582YxhgpJEY0aEHQtVQFhO,02.02.99,0.84,-6.629,0.152,0.154,0.564,148.125
696,1ckhUtD8nBH2ShPlU8w2nU,ALL MY FELLAS,0.602,-11.385,0.00624,0.0635,0.716,160.021
697,1udwFobQ1JoOdWPQrp2b6u,Surround Sound (feat. 21 Savage & Baby Tate),0.575,-7.302,0.173,0.257,0.471,75.956
698,5ZJGv7aGdIr9IGpxzSG18T,Everybody (feat. Lil Uzi Vert),0.736,-5.546,0.027,0.23,0.388,137.947
699,23uUytja1B1mUOOIoygf6u,Angels in Tibet,0.799,-5.973,0.242,0.143,0.538,140.052
700,1yeB8MUNeLo9Ek1UEpsyz6,Rich Baby Daddy (feat. Sexyy Red & SZA),0.645,-4.56,0.0377,0.384,0.142,146.01
701,7CyPwkp0oE8Ro9Dd5CUDjW,"One Of The Girls (with JENNIE, Lily Rose Depp)",0.522,-6.287,0.0545,0.162,0.202,87.51
702,6ihzpb4wOYkZut6iEC1MHE,Bombs Away,0.76,-5.632,0.171,0.0529,0.879,99.999
703,51WRxaNJVQuXOBYUAmSzbf,Little Life,0.507,-15.605,0.92,0.111,0.173,130.629
704,2mKouqwAIdQnMP43zxR89r,What's Luv? (feat. Ja-Rule & Ashanti),0.835,-5.074,0.0219,0.108,0.919,93.955
705,1mnqraQ8oV8MX92rdOFLWW,1 Thing,0.612,-3.078,0.107,0.0413,0.867,129.873
706,4PJEK76V3A1S0XzZJuTWh7,Love Is A Long Road,0.639,-10.851,0.03,0.0863,0.496,116.333
707,3VBj0lzjmhTzVFPEDOjNCG,BATTER UP,0.903,-4.772,0.069,0.127,0.873,130.01
708,4qG7hWhljsqqENL5PaLA2z,Let The Light In (feat. Father John Misty),0.327,-9.726,0.344,0.11,0.202,132.427
709,0jFxJ1US3dmwQn7DJi269h,Fight the Feeling (feat. Kendrick Lamar & Iman Omari),0.569,-5.873,0.111,0.655,0.811,148.067
710,4JdYapRlYv67LnjrkDhZVX,"Think Of Me Once In A While, Take Care",0.209,-11.37,0.902,0.0945,0.0386,71.02
711,4GCI038c3eATmIc1NwNIzs,prayer1,0.446,-14.251,0.114,0.117,0.244,125.202
712,7E1dQbOk1qcx9gEPUMBKsk,Maria,0.825,-6.794,0.00997,0.19,0.294,111.002
713,0W4NhJhcqKCqEP2GIpDCDq,Love,0.688,-4.285,0.064,0.1,0.318,116.714
714,1OG7o5af3ILKrFkp7pvvb0,Wondering Why,0.524,-12.437,0.85,0.173,0.347,148.59
715,11RJg9AillccZgJYZ47L5f,What Love Is,0.707,-10.383,0.685,0.126,0.7,120.041
716,3yx6eryOZgO54bt3B671cn,Work,0.699,-4.898,0.0631,0.414,0.491,140.012
717,2bsczk82MWGPmTbe6IWYsa,Moments In Love,0.696,-14.991,0.28,0.311,0.489,138.118
718,299qlT1YcZ3DVlKCoqRoV7,Barbie,0.92,-7.659,0.0026,0.0856,0.767,120.012
719,4xhsWYTOGcal8zt0J161CU,Lovin On Me,0.943,-4.911,0.0026,0.0937,0.606,104.983
720,6BrfgV35h3NfTtIdMqhmFQ,we're all eating each other,0.777,-5.701,0.0117,0.209,0.601,105.014
721,60TThBDrPpek5k520l0W0L,Black Sheep - Brie Larson Vocal Version,0.462,-5.735,0.000278,0.0909,0.173,123.938
722,4rHZZAmHpZrA3iH5zx8frV,Mirrors,0.574,-6.664,0.234,0.0946,0.512,76.899
723,4E63weMCaNZuGPEFMnuEi8,exes,0.821,-6.57,0.173,0.114,0.611,136.962
724,0Z57YWES04xGh3AImDz6Qr,Real Love Baby,0.417,-6.484,0.0955,0.0989,0.625,204.113
725,56xHMIfQPoe0prrSi3BGhf,Can’t Catch Me Now - from The Hunger Games: The Ballad of Songbirds & Snakes,0.521,-7.698,0.838,0.12,0.225,141.965
726,6OfOzTitafSnsaunQLuNFw,DOGTOOTH,0.706,-6.348,0.505,0.215,0.802,77.533
727,1nLnpLXvl68RZCSjfkyiaa,Brain Stew,0.559,-5.429,0.00133,0.0577,0.337,75.958
728,7dJYggqjKo71KI9sLzqCs8,Agora Hills,0.75,-6.128,0.228,0.122,0.392,123.026
729,3vkCueOmm7xQDoJ17W1Pm3,My Love Mine All Mine,0.504,-14.958,0.868,0.158,0.121,113.95
730,2YSzYUF3jWqb9YP9VXmpjE,IDGAF (feat. Yeat),0.663,-8.399,0.0464,0.205,0.138,136.952
731,2dz1PWeukbAfsXgJadiaBu,Otra Vez,0.707,-5.022,0.792,0.211,0.289,67.104
732,7fRvtXvJMpGfTLdF0M09a1,Talking In Your Sleep (2023 Remaster),0.72,-4.434,0.0289,0.142,0.977,129.766
733,1AWQoqb9bSvzTjaLralEkT,Rock Your Body,0.892,-6.055,0.201,0.0521,0.817,100.972
734,0vv46oAg2S7DFKNvQ4kkst,just want u to feel something,0.262,-5.729,0.346,0.32,0.179,157.388
735,6EQLN1Fl8oy46k4FMwhxug,sins (let me in),0.654,-8.523,0.0447,0.209,0.428,108.951
736,5hlPrSCx9BvnQ3rCTkblMZ,High,0.414,-7.826,0.0962,0.274,0.395,176.059
737,6whOApl6TgeCGRwMM52tkl,theres this girl,0.612,-25.029,0.987,0.102,0.163,80.04
738,5lWRaa0fBxDE5yU91npPq7,Just A Girl,0.638,-4.824,0.0662,0.142,0.767,107.991
739,1jLVSavLHTeEixX6CIxqQR,Nice to meet you (feat. Central Cee),0.701,-6.577,0.0264,0.0584,0.546,148.299
740,32B4HyegZNlYIWhENs8FcZ,Memoirs of a Gorilla,0.844,-1.259,0.303,0.55,0.316,110.005
741,52OWRufMrpxRcv3Sy97A42,RAGE,0.555,-5.854,1.95e-06,0.287,0.281,120.036
742,6bK6STyrPlLRCQXwBgti2h,lemonade,0.811,-7.886,0.0882,0.32,0.703,159.994
743,5FMXrphygZ4z3gVDHGWxgl,Copacabana (At the Copa),0.606,-6.412,0.333,0.0754,0.66,116.735
744,3K5KXm1uZjiyQk0J7op1xf,9mm,0.737,-2.749,0.00322,0.084,0.304,154.964
745,0GROiXm03OrMC5ltXLhGIu,The Party & The After Party,0.645,-9.527,0.22,0.0878,0.163,101.733
746,269XSeQhDrWEotMALJaACW,Amour plastique,0.702,-7.609,0.66,0.117,0.234,119.992
747,5JLv62qFIS1DR3zGEcApRt,Wide Awake,0.514,-5.099,0.0749,0.392,0.575,159.814
748,3eP13S8D5m2cweMEg3ZDed,Virginia Beach,0.402,-7.322,0.106,0.181,0.2,120.009
749,75EIDyYc0excxUOzold15R,older sped up,0.391,-7.648,0.0754,0.0853,0.388,148.313
750,50kWigrg0O9DFUzzbgJMZO,jersey luv,0.293,-12.365,0.459,0.123,0.544,156.142
751,4KULAymBBJcPRpk1yO4dOG,I Remember Everything (feat. Kacey Musgraves),0.429,-7.746,0.554,0.102,0.155,77.639
752,3WMj8moIAXJhHsyLaqIIHI,Something in the Orange,0.369,-12.151,0.555,0.0954,0.148,175.212
753,59uQI0PADDKeE6UZDTJEe8,Last Night,0.517,-5.382,0.459,0.151,0.518,203.853
754,0PAcdVzhPO4gq1Iym9ESnK,Thinkin’ Bout Me,0.656,-5.775,0.492,0.117,0.429,139.971
755,1Lo0QY9cvc8sUB2vnIOxDT,Fast Car,0.712,-5.52,0.186,0.115,0.67,97.994
756,2Dct3GykKZ58hpWRFfe2Qd,Heading South,0.68,-14.112,0.783,0.106,0.388,110.23
757,5uU1uuyaUIBOiiUSQG7Wl3,You Proof,0.731,-4.913,0.252,0.605,0.644,119.706
758,3cBsEDNhFI9E82vPj3kvi3,Wasted On You,0.505,-5.24,0.373,0.126,0.252,196.0
759,3fqwjXwUGN6vbzIwvyFMhx,Tennessee Whiskey,0.392,-10.888,0.205,0.0821,0.512,48.718
760,4pCbJC43j3gSqG6Fen6upD,Hey Driver (feat. The War and Treaty),0.583,-5.836,0.494,0.368,0.462,79.014
761,2UikqkwBv7aIvlixeVXHWt,You Should Probably Leave,0.602,-8.425,0.268,0.173,0.552,183.89
762,3Pbp7cUCx4d3OAkZSCoNvn,Scared To Start,0.527,-11.258,0.384,0.403,0.443,148.035
763,1OG7o5af3ILKrFkp7pvvb0,Wondering Why,0.524,-12.437,0.85,0.173,0.347,148.59
764,4dtIxANFBU6CfhI9c2hf2g,Coal,0.522,-9.561,0.753,0.165,0.439,97.045
765,2kE2HFBFkJ0VMw3igxYohz,Wild Ones (feat. Jelly Roll),0.65,-3.543,0.0878,0.172,0.294,136.03
766,1TE8AAk9koG0UJco6ZAUfx,Rock and A Hard Place,0.582,-7.3,0.577,0.105,0.394,121.991
767,28n8z9IQKyjMPxmvYMBqZa,The Kind of Love We Make,0.608,-4.13,0.0226,0.0942,0.464,102.025
768,72kGuWpRiuA149Bn5lDkIO,We Ride,0.62,-4.176,0.0755,0.185,0.591,81.989
769,0bILU0UiNDmA5Ff6whhb2R,Religiously,0.57,-6.519,0.426,0.108,0.593,140.924
770,2uHgCkaiHwZKl7tDBTVsyW,No Caller ID,0.332,-6.09,0.127,0.189,0.11,146.5
771,2rxQMGVafnNaRaXlRMWPde,Beautiful Crazy,0.551,-7.431,0.676,0.0928,0.382,103.313
772,7MSWxMumjz6lHj7oRApNbg,White Horse,0.353,-11.066,0.0016,0.109,0.224,145.225
773,43SoxERu5UlXAgt4Es1VQU,Porch Light,0.647,-8.264,0.0585,0.159,0.477,142.034
774,69AIpwGNLxr4qS1X5ynx60,Buy Dirt,0.586,-6.725,0.639,0.0872,0.437,177.945
775,78Du4CMFgnhdlG33gblkiP,Rich Men North of Richmond,0.678,-12.384,0.753,0.302,0.528,121.722
776,1mMLMZYXkMueg65jRRWG1l,When It Rains It Pours,0.551,-5.069,0.013,0.265,0.625,128.027
777,73NzYbpaYvQ7JfpjztFESL,TRUCK BED,0.662,-4.887,0.0875,0.35,0.769,132.057
778,0fCwTrRNfoNk962ati8n2K,All Your'n,0.585,-7.342,0.408,0.115,0.839,78.176
779,07on0OB2cdPt79IFsgdRUy,Need A Favor,0.502,-4.246,0.0123,0.0801,0.557,157.978
780,5gB2IrxOCX2j9bMnHKP38i,Life is a Highway,0.562,-5.562,0.00211,0.199,0.558,103.042
781,2gT2iF1YK5r54A2PDEXVv8,Pretty Little Poison,0.518,-4.839,0.0258,0.156,0.216,111.865
782,3fonAuTvuI5KMcmnueLAPq,Straight and Narrow,0.427,-8.83,0.47,0.135,0.374,85.633
783,0ZUo4YjG4saFnEJhdWp9Bt,Before He Cheats,0.519,-3.318,0.271,0.119,0.29,147.905
784,2tgQaL85WoRfgEa4hFQgrE,Feathered Indians,0.536,-6.705,0.75,0.105,0.877,87.194
785,6UoKX6uLJwhsnyTp5k5StP,The Painter,0.512,-5.766,0.0415,0.107,0.261,97.981
786,0wXThIDxO3YRJCpPgnmbkw,Where It Ends,0.431,-5.067,0.259,0.0879,0.648,170.041
787,2lNTHWu2I5Tcz9ukWsV5Jj,Next Thing You Know,0.557,-8.296,0.646,0.0974,0.414,78.526
788,6DHPLbudo5JXNdUlG7zDcC,Please Don't Go,0.683,-7.487,0.379,0.0845,0.452,85.455
789,3xdjjKMcMOFgo1eQrfbogM,Wagon Wheel,0.537,-7.174,0.455,0.135,0.574,148.096
790,1ZpPaBDswjV3VSUKqLDXPE,23,0.626,-7.346,0.276,0.141,0.428,87.977
791,6DLbBlGIOjjEj0dNN25zhZ,Tennessee Orange,0.38,-6.637,0.126,0.115,0.268,156.031
792,30LZU3ReFIndjHLfaahreM,Save Me (with Lainey Wilson),0.564,-5.018,0.382,0.11,0.146,83.03
793,0rCFRyEy4WXjRXNpO80Dzs,Fall In Love,0.524,-6.055,0.451,0.221,0.397,135.962
794,5ya0TmUQw2wHMkq36rPsnd,World on Fire,0.461,-4.871,0.000219,0.104,0.411,95.964
795,3TNSVsiFngfe68UJpMq1oS,Starting Over,0.638,-8.445,0.452,0.0695,0.318,89.124
796,3sYBFUXTv0STUoUINx9Qe8,Watermelon Moonshine,0.739,-6.709,0.47,0.131,0.649,139.921
797,0LQtEJt7x0s6knb6RKdRYc,Chicken Fried,0.566,-4.25,0.645,0.114,0.805,169.861
798,6HBRLaSQ7NB8MNlaqzYen1,What My World Spins Around,0.675,-6.459,0.105,0.153,0.671,124.872
799,3t5OV1asJHmOlf23T08CLv,Lady May,0.539,-13.285,0.881,0.105,0.322,81.446
800,6vsa5VDsIaWC8oJnowU65l,This Town's Been Too Good To Us,0.696,-7.035,0.0603,0.175,0.577,104.989
801,1fSln3JhzB7Asdi83JTvPa,Promised,0.143,-37.894,0.851,0.109,,140.571
802,569aPavFjL3WvPwZepX67d,Melancholy,0.175,-41.3,0.994,0.0989,0.147,73.583
803,6q8NVcrqyUPpHWbNfJQMiN,My Armour,0.158,-45.728,0.994,0.108,0.185,135.456
804,6OA8XPGALjJXIhQ7996ftt,Sakalas,0.136,-39.17,0.991,0.122,0.0695,73.821
805,7dbvv8ZyduO9ztNjkVkyty,Spherical,0.191,-33.943,0.96,0.105,0.0319,132.161
806,5NWOEqOSCqHebuRMjYEn1i,Isolate,0.202,-45.015,0.97,0.123,0.174,67.513
807,475L4j7qFaZE0jlcvrsScN,Protect Your Mind,0.179,-43.908,0.973,0.102,0.0418,69.71
808,76tZM5yJNhGTEiFEVUOX0G,Aesolace,0.144,-41.545,0.993,0.11,0.0697,140.898
809,45QSxAYVRenwmZrXV1RNpq,Nordic Dusk,0.131,-45.385,0.982,0.112,0.0375,73.369
810,540ZE9jee98b10o3xrdM3c,Gradually,0.153,-43.541,0.983,0.108,0.0451,134.028
811,4RpF62shn8RYyf3DBk3fD7,Retrospect,0.142,-43.98,0.981,0.115,0.0382,138.081
812,3IyBMuidf0gi4WH13jaC6l,Overcome,0.165,-42.003,0.958,0.099,0.0542,70.14
813,6I1WmsOxCm5Qi6PooQPRq6,Serenium,0.138,-38.898,0.864,0.107,0.0378,141.546
814,6SbFBs5pon9flXihCWlfO4,Ara,0.139,-41.941,0.941,0.103,0.384,139.738
815,0KXcQySPBhAvDT5c6J1KxH,Essence,0.147,-40.284,0.949,0.109,0.038,136.474
816,2IsqXoqjvpSP7C9hWPXeB5,Divine Whispers,0.113,-45.604,0.971,0.113,0.0354,69.112
817,59L4ILD0qkCBq7m3s6t5AY,Path,0.164,-36.22,0.963,0.118,0.036,67.541
818,6V5tAhkj0iaXam3mPWZXHH,Times of Balance,0.173,-46.216,0.976,0.0969,0.171,69.341
819,1SlPCpAID4a7arQNHlMQR6,Epica,0.169,-37.879,0.821,0.11,,137.687
820,45OiJXLGZ6VpCfQ5aeHthU,Tender,0.146,-42.893,0.993,0.116,0.0605,138.774
821,6CnvPkfLDrexDOZQFMTsi8,Hemisphere,0.146,-40.924,0.985,0.114,0.0395,66.074
822,4shpPdwshLr1rOzUwLIWIH,Changing,0.0905,-38.731,0.878,0.111,0.0369,88.651
823,0N5NNIaNs3YVhiyt22ZYhG,The New World,0.156,-44.873,0.995,0.0986,0.0782,136.67
824,0T6MlMNUB10hPTou6NaMRL,Emotional privilege,0.148,-47.513,0.978,0.125,0.083,138.414
825,5umtWFlo2kVPO8kxt0XhBI,Harmonic Clouds,0.0692,-40.901,0.986,0.111,0.0365,76.662
826,4HTigs5BP4B7wnFfIx4X1f,Wistful,0.15,-39.49,0.966,0.11,0.0399,68.454
827,5AQQYMkVL7216ZVuPytjwL,Somnisonic,0.134,-35.352,0.976,0.108,0.0452,71.342
828,3MlyE6l0NIyTvLAIyojRWp,Basic Meditation,0.17,-45.194,0.96,0.11,0.128,125.975
829,37OBlWR4QwbMJvReT8myht,Following,0.146,-36.854,0.983,0.101,0.114,70.889
830,5kDLhUYHZr5Q6geAcM3lF3,Scorchio,0.154,-43.838,0.991,0.0962,0.117,136.027
831,6hG52cOsuNKGVpnmaOisg7,Boundless,0.159,-39.345,0.98,0.11,0.0678,134.9
832,6y1R5SobrAlv2kkcEKeptu,The Vastness,0.15,-39.048,0.846,0.112,0.0604,70.317
833,1E7DdNcDA8V30PBm3GdB7T,Mystic Reveries,0.174,-39.516,0.941,0.112,0.187,70.207
834,4E8YeBmbDsmD1YwTbCaFIB,Process,0.15,-44.026,0.975,0.109,0.0753,135.129
835,46CSa8TKr9seUuHIfVP2lA,I Dreamed A Dream,0.151,-43.513,0.993,0.108,0.0395,72.523
836,4NfFX4UXNLP7kjvQqdlxag,Dreamless,0.138,-36.489,0.931,0.11,0.0366,140.919
837,2z0WMGUDUkSN2vIQRZre3B,Radiance,0.135,-42.177,0.952,0.0951,0.0364,141.25
838,5jDfb1JYpOXY6KoRpvNWjI,Divided Motions,0.158,-43.844,0.974,0.11,0.0321,134.221
839,5DzOeqMOYZ7WoLU9iokZHG,Phenomena,0.152,-39.179,0.987,0.127,0.0645,136.177
840,6Jdeeh0nD5AsDFKaYQeIqO,Marimosa,0.156,-37.57,0.979,0.111,0.109,134.83
841,5nxgnk2YmJRZUr1k0QvEIK,As Day Fades Into Night,0.171,-39.542,0.995,0.114,0.0561,137.778
842,7ozdMt4x3HywrwfUsEedpg,Aeternus,0.135,-42.711,0.99,0.114,0.0386,143.014
843,4AIVJN4gesqZ91UzHxSzqm,Reserve,0.158,-39.389,0.982,0.116,0.0802,132.633
844,3wyzKHfvroiGn3KKBg0GvM,Whishing star,0.14,-50.051,0.973,0.081,0.198,141.606
845,3IftdsEdhYBjFenO3VWDht,Snowflake,0.177,-41.729,0.96,0.128,0.0395,68.8
846,3cwVEUzKMyQLvq51b6I8Ul,Tranquillizing,0.15,-43.781,0.994,0.0925,0.0297,135.708
847,7rvrtcrQ9unsg7wybxu8tv,Reminded Me,0.147,-44.316,0.965,0.104,0.0366,67.546
848,66OUrai5ZjJgzwhKimF8F8,Rays of Warmth,0.14,-46.726,0.946,0.109,0.0623,139.553
849,7fhxsFzVhoznTnK7UlbnLv,Inner Guidance,0.209,-35.677,0.973,0.113,0.0537,69.923
850,20A3nwNDQ7cEiqJdQqXHdi,Relaxed Mind,0.14,-46.744,0.935,0.1,0.0395,140.069
851,7qn3PsJXdMpoKkMOFgc7lh,Foraoise,0.223,-39.806,0.97,0.111,0.0411,70.785
852,6FqTyMzdm5ri8zWrPhAZ0E,Density,0.148,-45.213,0.982,0.113,0.029,136.298
853,4RjeUqphmFXSr7gG3IWwaG,Gentle Climb,0.157,-35.691,0.933,0.104,0.0783,67.532
854,6Js6EnpszmefcsVLQpai8R,Gateway,0.152,-36.597,0.889,0.113,0.0263,136.678
855,29MAJChL6Clm5tKBCBvWTC,Zuma,0.139,-40.564,0.804,0.107,0.354,140.76
856,5PFe4q5VmBRaYUnXSeZ6EX,Aeterna,0.161,-35.236,0.975,0.106,0.102,67.454
857,2bH8j0OZJMudcwpxqlmFyF,Harmless 417 Hz,0.131,-36.942,0.867,0.111,0.0362,65.19
858,4Zo9i0PVyKdl3nJxuwe2Pk,Astrophia,0.191,-36.168,0.947,0.111,0.065,68.504
859,3PsBjzhmyOU2SRlQpozoc4,Antares,0.221,-36.43,0.933,0.0917,0.171,69.49
860,2ycdMVR5v21EEkfm08U9Of,Twinkle,0.0669,-33.912,0.99,0.107,0.125,72.47
861,30XdBC7802TJIsTurWWI7T,Gruis Silentium,0.145,-40.342,0.99,0.137,0.0697,72.925
862,7tShTLflfkgBxjMEFs6N8l,Celestial Drift,0.155,-34.007,0.9,0.111,0.135,144.794
863,5IJclkvUYCQDye82Ua9sig,Unless,0.141,-41.598,0.977,0.103,0.0393,138.921
864,1BhS7zg5Xc8HvCqILpiDgq,Pondering,0.137,-37.434,0.984,0.105,0.0318,69.913
865,6UGDOLRjEkgUrS3Y8aLLK8,Serenity,0.185,-39.922,0.988,0.135,0.04,76.816
866,0KkCsYHv7QgzKpNm4pcVj9,Languid,0.184,-41.634,0.968,0.114,0.157,66.245
867,7Hm3jiAs1f0oypQythNWxy,Mudita,0.168,-40.928,0.989,0.112,0.0359,68.319
868,3qfofCNp0UgwHKmgM1EJ6A,Flying Spirits.,0.141,-46.052,0.967,0.115,0.038,140.062
869,06Uu0bQNx2WMFIWY09nTxN,Dimmed Lights,0.147,-36.706,0.964,0.11,0.033,69.207
870,15SPWU4M4H0yhK5Nto68Kb,Straight Ahead,0.152,-42.663,0.992,0.104,0.0661,135.316
871,5F820xSuKiMLpGOV04Xs3c,Fjord,0.0878,-37.77,0.973,0.123,0.0561,85.773
872,6QQYZSV72dVzr8W7ek1egc,Biome,0.187,-39.824,0.989,0.0891,0.079,72.821
873,3I7Pcn4n5sJmJXy58CmT0K,Blissful Restingplace,0.181,-39.287,0.987,0.113,0.0696,68.878
874,3GEQgX3qGjsp2BUfb6CeY3,Lux Noctis,0.141,-33.512,0.933,0.113,0.431,138.207
875,63ceisvNCC6rnFThnZpzyW,Night Balance,0.154,-39.432,0.994,0.0958,0.0717,141.733
876,0bVFmCgiejByOZ7c93zb7V,Calmness,0.149,-38.021,0.949,0.104,0.0503,72.748
877,7kabmQdunJ6Jk5PAeTSwtL,Cwsg,0.147,-39.109,0.992,0.17,0.0633,137.895
878,2PRfOo8S4BVIw0o97yqzg2,Geteilt,0.149,-43.074,0.984,0.106,0.0796,136.532
879,3qJ6bQyPFO10b9fL9NmdOE,Coral Dusk,0.161,-34.112,0.961,0.11,0.106,136.969
880,5lATrmvuPq7nPLJsq4DkBQ,Sumi,0.188,-35.089,0.959,0.129,0.06,68.127
881,2BfcCsrfgB9wH1dvdno9CY,Wandering Sadhu,0.064,-45.487,0.974,0.0939,0.103,69.486
882,2g3tsiZNrb7j5R9EiaiHBn,Stay,0.166,-38.757,0.908,0.112,0.116,123.323
883,2hVqXyj5dWgWNTO0Op8iB8,Untroubled,0.158,-36.983,0.917,0.11,0.034,68.503
884,4cmuVNLXezTGcr03kewBP1,Reflective moments,0.14,-46.451,0.981,0.106,0.0311,139.845
885,3qOpNcmfdWbQOazGoQotIs,Woodland Spirit,0.139,-45.908,0.952,0.112,0.0393,138.966
886,4vU3FDQiL394Dl21OYfNbg,Noticed,0.186,-42.729,0.977,0.115,0.0502,70.479
887,4prgJBJailmHXaefkOyK9e,Sweven,0.216,-41.516,0.986,0.118,0.0388,70.023
888,6qSypfhInkt0jQC5aRcrTV,Lo´s Magma,0.0738,-46.788,0.978,0.124,0.233,69.84
889,5VzaFU0O3pTmG3fnjs0Ff0,Passages,0.15,-38.362,0.976,0.109,0.0504,135.982
890,56FXVmCOeJjnbPIAlQ8Nud,Reaching,0.197,-40.259,0.962,0.105,0.0327,68.225
891,53Le56pxNNt0sAOZ34Qocn,Chilled Soul,0.151,-45.483,0.978,0.117,0.116,136.249
892,7BSpoY4Xf0UkOOIWGWxl2c,Zolpidem in Sky,0.17,-42.921,0.991,0.111,0.0367,74.258
893,0DyUsDjiffOV49ColVfuZR,Deviant souls,0.0595,-45.119,0.94,0.111,0.0366,71.271
894,1azo1EHpf6BN5bHtQcUgTm,Sand of Times,0.15,-41.061,0.933,0.106,0.062,137.064
895,1pGHWehHrHz09Ehjwtl3DG,Oasis,0.0872,-34.316,0.961,0.103,0.066,84.749
896,0SjOXAgmGiGLVmh000BiN5,Spreading Calm,0.188,-47.003,0.965,0.107,0.0387,68.057
897,4QAX3ooet9ROIz3HsxPU1Z,Sleeping Upside Down,0.147,-43.765,0.981,0.102,0.0373,140.9
898,2vbe9ebWPeUER7fvcoygXV,Noctilucent Clouds,0.198,-31.932,0.969,0.113,0.11,71.204
899,2nmRopj5DBq2Lmj8pA6OBE,Mirageon,0.165,-35.652,0.955,0.105,0.117,136.779
900,5SaxW9at2646PMLG9LM9DS,Mystic Mirage,0.145,-40.787,0.981,0.104,0.0463,138.69
901,7fBDo5rkKphtAqiDc21wWH,I Could Be That Rain,0.558,-5.501,0.147,0.103,0.753,144.04
902,47Xj8eIAp7hYOOqArmkqZE,Spin You Around (1/24),0.615,-6.019,0.796,0.113,0.658,141.947
903,0hQyFpC8af9Dj89fEYkXPG,ghost in my guitar (feat. Chris Stapleton),0.611,-5.928,0.375,0.0942,0.553,142.986
904,48X5k2vce5rXckgDAnXMsa,Dirt Cheap,0.62,-5.891,0.111,0.101,0.266,120.065
905,1KtQmheytoTI6kOM8yCowf,This Heart,0.406,-5.124,0.0889,0.158,0.271,150.054
906,671XjQmF7A0w5aN74AhNWt,Cowboy Back,0.617,-4.03,0.0162,0.0945,0.588,138.046
907,5g4ARvINyjjLoiDX4roM8m,Roulette On The Heart,0.628,-6.273,0.593,0.0644,0.655,139.95
908,5JDM1KbfvautHx2Il9DjMZ,Mississippi Or Me,0.404,-5.228,0.0392,0.126,0.508,145.885
909,7LFj4V7izgF22CUGeDo38n,Lotta Bit of You,0.638,-5.712,0.183,0.36,0.524,159.981
910,2h9qRt8R214yJEBfoPAv3B,Strangers,0.538,-4.061,0.011,0.224,0.515,123.925
911,4usnf7irdy9PrVsmb82BXI,Breakin' in Boots,0.587,-4.243,0.00389,0.198,0.62,114.08
912,22CreGLxXnyqg2ktUVZShT,Easy To Miss,0.509,-5.392,0.0534,0.116,0.613,148.188
913,5Z48gU2EpgzhECkuuXp4Ev,Some Whiskey,0.576,-4.689,0.000139,0.102,0.502,97.98
914,4MYVzXhpm5iMnRZj6cWkSu,We All Grow Up,0.687,-5.948,0.492,0.136,0.329,80.005
915,75gZhzqWDaqJgy19YERY5g,Turn,0.467,-4.947,0.0565,0.242,0.442,156.148
916,0XgOhyJWH5UVWyV7farWDr,Paint The Town Blue,0.629,-3.438,0.0145,0.113,0.461,109.966
917,5amuqAOkKdHenSjPaAUQXA,I'll Be A Bartender,0.576,-5.899,0.0801,0.158,0.674,153.003
918,2s95urN3yvMr4BgSKItGKG,Been There Before,0.593,-6.696,0.0153,0.211,0.425,110.973
919,2Ba6D8yeOe14QoHwMaQkAK,Burn,0.676,-9.49,0.018,0.124,0.338,123.977
920,2hPGwgrohMaMbEvjtNrw0G,Milwaukee,0.464,-4.656,0.269,0.214,0.554,166.91
921,7HAD0NBufBMMzWPnwoFc4y,Cigarettes,0.642,-11.748,0.568,0.0711,0.248,120.956
922,2HsgNeT6LrzRofhkykFKRT,Whose Rearview,0.532,-3.975,0.151,0.144,0.547,96.017
923,66UwsbwSTHbG5EPPHrCo9i,Kiss Of Death,0.5,-3.329,0.00111,0.112,0.567,101.997
924,2fKAG7MnnFDrQERDAzSztc,Single Again,0.537,-4.516,0.0299,0.0768,0.51,130.007
925,0o6YthkHUTGo2H95UROejS,"Hey, Jack",0.482,-3.544,0.0743,0.151,0.587,154.064
926,5H1WgNxf2Fb3EJWn4QgX5E,Tails I Lose,0.544,-7.195,0.527,0.113,0.198,135.877
927,7en1V1qZzo6DtDDHdXg93z,Kill Me,0.474,-4.456,0.00251,0.344,0.488,170.162
928,6mu9Jh4M8tAZyk3Z1qqgji,A Few Hearts Ago,0.557,-2.772,0.107,0.115,0.624,166.005
929,5jSjOdVDA4pL4geykH3riL,Ain't She,0.625,-6.118,0.0588,0.132,0.278,117.987
930,2gpdZEqYzZmm4GRfY5GxQo,Next Town Over,0.596,-6.143,0.227,0.114,0.656,156.028
931,5tbPAlC6DtO9LvqbN3GJ8D,All Again,0.511,-9.24,0.217,0.129,0.548,92.089
932,6Ser4pIAKEoXok7eDJPRK7,The Devil I Know,0.536,-5.195,0.0861,0.11,0.607,168.184
933,7dyjQ4rUIHw3OI8Nl3kdJk,Bigger Houses,0.631,-6.426,0.546,0.125,0.559,139.862
934,5aANEtfccAdMVeDnJzgcfn,LIGHTS ON NOBODY'S HOME,0.625,-5.16,0.0545,0.656,0.628,108.042
935,0s2f8k9pavqKj9NfCXRZNH,Wonder Woman,0.649,-3.925,0.123,0.109,0.38,98.021
936,5NdYqiRuJdRIyHZU0OIEYy,Heart to Break,0.299,-5.641,0.0133,0.0901,0.345,199.877
937,26YMRlGr9HkK93yjbRjqbZ,After We Broke Up,0.596,-4.813,0.0271,0.0828,0.599,105.067
938,4iFTt3rRRytIkFO5VGCD8v,Bad Decisions,0.583,-4.583,0.0602,0.0883,0.51,77.972
939,5t9emg56o3DdxYCVNcG1z4,The Reason I Stay,0.569,-4.154,0.249,0.165,0.215,149.371
940,38QnGbDW7KgVylfma7ZWV5,Life With You,0.597,-4.523,0.553,0.127,0.309,125.043
941,7Gt9tznlLCCe2gZoRzuLhD,Meant For Me,0.574,-7.809,0.066,0.151,0.321,144.957
942,55a01VsdKH2OeSXLGy9wd5,Jack and Diet Coke,0.674,-6.457,0.487,0.116,0.383,138.02
943,2L9D3jDJw9LE6tO34HlwE0,Young Man,0.546,-6.241,0.293,0.1,0.415,80.036
944,3pBYIDSYwHpGMjq0nss6KZ,Take Forever (Hally's Song),0.616,-5.975,0.593,0.133,0.312,145.865
945,4eIGig7wMD4iZfPKGinoGr,Fix You Too (feat. Kameron Marlowe),0.322,-7.789,0.366,0.115,0.17,140.804
946,2fRqb3yoCI9cbRASkEMo3m,Came The Closest,0.557,-5.586,0.749,0.0991,0.341,62.048
947,6ouFl8UDdMc9zuzmzvmh7v,I Tried A Ring On,0.634,-5.93,0.486,0.0926,0.19,111.012
948,3ijPMKSNCF1sfwKPsnIrIW,Beneath Oak Trees,0.51,-9.021,0.796,0.0789,0.32,93.223
949,5pJg7ThHf9uSbCzZTZ5qXI,Heavy Metal,0.297,-2.67,0.441,0.16,0.209,86.732
950,7yZxBR1o5HBbS40fV9KlWh,Friends,0.443,-5.701,0.0285,0.146,0.347,163.991
951,7FKAVg9SA7QYLxdVRLnKjd,Chevrolet (feat. Jelly Roll),0.558,-3.801,0.0697,0.233,0.664,78.194
952,3xoFfxN2RfHqDNG64f9Amw,Little Less Lonely,0.433,-4.448,0.0208,0.141,0.666,174.055
953,4TWxiqwnkANB6Svp5rsoS3,This Ring,0.47,-5.39,0.0306,0.0813,0.131,159.823
954,1V9vDStzw6C7pXSsIrzER2,Go Get Her,0.374,-5.316,0.32,0.0848,0.236,81.556
955,1zsOdeipHnfc4MdzvFpktu,Fixer Upper,0.552,-4.52,0.0309,0.0718,0.382,140.054
956,3bf3XBOxWYhspKjUNsmD8Q,Nothing Compares To You (Feat. Kane Brown),0.545,-4.449,0.373,0.119,0.629,171.668
957,5HS8aICH7tjYXSBxzjE9PU,Right Now,0.454,-6.244,0.16,0.1,0.168,147.935
958,4QShZHQERrTVI2IDzWmbzJ,Heels Over Head,0.591,-3.856,0.267,0.125,0.828,147.062
959,4gfseDv2tGCUlBLtOljnJP,Breaking My Heart,0.657,-4.863,0.0476,0.144,0.703,111.976
960,1k0idEJ0uiXYxYkTFa3Al7,Remember Us,0.522,-4.225,0.0265,0.113,0.443,141.981
961,0XuEfX2tOQPxhJCIMcjkgD,This Is My Dirt,0.514,-4.678,0.364,0.108,0.594,156.034
962,3A0AYh7WkYsatq8JU3IdJt,Hurricane,0.506,-7.417,0.293,0.323,0.402,145.837
963,3S6rNYAlaysIEmR6LDF8Rq,Meanwhile In Carolina,0.413,-5.638,0.462,0.0744,0.256,72.136
964,0duALa6UlxVWqEqpmhv73p,A Lot More Free,0.488,-9.022,0.263,0.0769,0.309,143.381
965,73LXlPOFCWBAGlkQT28KGN,Cracks,0.637,-6.028,0.0024,0.122,0.143,117.945
966,2ulmNFm5fVsK5mlOQNdhJI,The Tree,0.409,-5.267,0.0141,0.383,0.156,166.788
967,67tSyNccxstGL1kLSR0wIb,Cab In A Solo,0.567,-6.69,0.018,0.373,0.687,99.007
968,3NfiPeYsjdrsyO4kVIEdtr,Outlaws and Mustangs,0.456,-4.401,0.00235,0.156,0.539,96.633
969,56CmYOZ5YNtmuVUtY5W5jF,Fall In Love With Me,0.682,-7.819,0.232,0.112,0.745,74.958
970,0Jagf5iAYYiWAs0BEoWbWZ,Take Her Home,0.572,-5.428,0.184,0.184,0.518,149.012
971,4pCbJC43j3gSqG6Fen6upD,Hey Driver (feat. The War and Treaty),0.583,-5.836,0.494,0.368,0.462,79.014
972,4k8ozY5BjfGGvICHka5DfI,Gonna Love You,0.416,-4.28,0.014,0.116,0.182,156.169
973,5bu8p495FPdRySYSptdny2,Goin For Broke,0.499,-4.576,0.0398,0.108,0.358,130.112
974,2eCgRuEddwFVOKLC9uERD3,BETTER DAYS,0.613,-4.806,0.0205,0.23,0.483,76.015
975,5Izy5w7WRKyOTH7CtWgyPG,Never Been Over,0.586,-7.559,0.853,0.095,0.5,151.727
976,6mFw6OhoyHsEdRFCCNY8LP,Drunk and Hungover,0.429,-5.285,0.00777,0.0843,0.459,169.894
977,5gq0IiJ86S2QpD3V4H9KhH,Find Another Bar,0.612,-5.668,0.17,0.174,0.627,139.986
978,4N0yUfSgo2lnpJzufrqAoY,One Bad Habit,0.51,-5.662,0.00206,0.146,0.523,94.091
979,6LCY0s8iDoooe8eMkdEQMu,I Know A Guy,0.606,-5.512,0.169,0.108,0.717,93.981
980,0gPsHNuKK5lsWpCqWwvxRX,Tim + Faith,0.561,-4.537,0.16,0.0918,0.429,143.977
981,0S1fmk6xz49SHINeXXpStW,Different About You,0.542,-5.181,0.000564,0.244,0.67,92.154
982,57cI63EBY6FqAhgzQxMSCT,"Trucks, Ducks, Bucks & Beer",0.51,-4.074,0.069,0.0771,0.718,156.041
983,2xB4WMt3zCHoZtC55XdOcu,Boys Don't Cry,0.493,-7.198,0.547,0.0799,0.417,169.596
984,1OG7o5af3ILKrFkp7pvvb0,Wondering Why,0.524,-12.437,0.85,0.173,0.347,148.59
985,55f35jEFEDIWCY9YDwf9r0,Man,0.59,-5.259,0.13,0.11,0.438,123.844
986,3usUesoAw6Z8MFFHIGk0BH,Kiss Like You Dance (feat. Kip Moore),0.523,-5.087,0.00194,0.0854,0.866,170.034
987,4MEJ73SRDNLQSHpqTkdjm6,Luke Combs,0.377,-6.949,0.698,0.125,0.527,164.461
988,5ADo2azXSsHQu0mC2RxgXq,Telluride,0.499,-4.082,0.189,0.153,0.473,157.892
989,1YfyfFBZ7cY7wgwtZEq3tf,Cowboys and Plowboys,0.652,-3.471,0.00644,0.297,0.874,117.025
990,2gwrfZzOjAinobFoOiy1T2,3 Feet Tall,0.606,-4.552,0.741,0.0619,0.472,81.925
991,2YBOHdgzpMmNHdW0Zub9Ze,Fly On The Wall,0.529,-4.632,0.308,0.12,0.331,127.937
992,1fAeFPXsX08Ovnn9iV1x27,Halfway To Hell,0.503,-5.376,0.00227,0.948,0.443,107.18
993,1guH0XpqZzQmRkpKCY3sdb,Suburban Outlaw,0.546,-6.522,0.751,0.35,0.364,135.146
994,64lQdlm7FlF0AYZsRaZlBP,It Takes A Woman,0.576,-12.79,0.712,0.14,0.214,115.806
995,6UL8AQO0xpwUKx4Tt4Onx8,Too Much And Not Enough,0.598,-7.159,0.331,0.214,0.233,120.001
996,7KJVh9zU77dzRVs9ZDyztF,Up In Texas,0.459,-6.87,0.183,0.103,0.463,164.222
997,0Cs7M3RfiZVeMkzqYl7wtk,Everleave,0.553,-9.321,0.522,0.11,0.157,77.096
998,0xUNUBJAxEj3irTEMdXgGh,Pill,0.52,-6.58,0.907,0.112,0.363,139.024
999,4E6QysmamTqsumshjlibem,Home Less,0.589,-4.481,0.0917,0.0951,0.37,99.802
1000,67zZ26O7nHAyL76sEx3tIS,Love You Back,0.441,-3.677,0.0848,0.109,0.392,147.745
1001,5hFkGfx038V0LhqI0Uff2J,Glance Out A Casement Window,0.384,-31.119,0.992,0.0967,0.0834,62.479
1002,3RI7rnK1YgmyRcXq9pkMqQ,This Tender Appeal,0.435,-26.262,0.984,0.0952,0.193,95.929
1003,6fjZ39b5dT9uZzFsVRLwSi,Calm Wind,0.461,-25.117,0.995,0.116,0.471,113.851
1004,1b1A6Z7pI8myEX3TSyweOk,A tale to tell,0.386,-28.66,0.991,0.109,0.189,126.374
1005,3xZBHTUT1gLAmDbPz77ETo,Forevermore,0.47,-24.242,0.994,0.121,0.331,81.805
1006,6yhkANlWR9KWT75aAqXmGm,Under a tree,0.362,-30.671,0.99,0.118,0.0757,111.026
1007,2bjQvSk5T3A2dmnqqeRhzI,Saying Things,0.307,-28.197,0.993,0.104,0.0631,72.453
1008,7MDbt6zQQu37YFeVcOpb4U,land in sight,0.249,-33.947,0.992,0.0982,0.137,173.68
1009,2ODAJGjI4YZwWp470XsV41,Schutter,0.394,-32.17,0.991,0.0844,0.195,130.952
1010,3RO7kRSyGR1WD6vWOI73r9,Luminous,0.441,-27.257,0.995,0.109,0.293,139.639
1011,1ymzdmQYjO3ThdlToYZnTq,Adieux,0.275,-36.937,0.988,0.119,0.304,71.123
1012,5LmaeC0bRQqaHtK781KOhD,Archipelago,0.454,-26.691,0.991,0.117,0.413,67.129
1013,6kJ4jRr1SB2ao8VimAiuB0,Eridani,0.432,-29.775,0.995,0.102,0.183,133.719
1014,6Qqto6duuFLcAUvTEsacwS,Cataverdis,0.414,-33.573,0.995,0.108,0.314,97.29
1015,3cuvXQjn74rLPC0jSVysUK,Astray,0.492,-28.273,0.994,0.107,0.322,51.579
1016,4asmLOODbw59npZqVLEvvk,Jean Paul errant,0.427,-28.956,0.995,0.105,0.191,131.512
1017,078tv0fBjcReoPb9IL97b7,Fall a hundred times,0.28,-31.752,0.992,0.0954,0.184,148.882
1018,7A6mWq885WLJUngzwxfQXW,My Little Treasure,0.513,-29.315,0.995,0.105,0.398,114.489
1019,6CWzmoxDJJdIJ5GImw0RHv,Hearts of Desire,0.327,-29.432,0.988,0.107,0.126,143.642
1020,6xld6bFu5ST7nickcSK1lP,Wish,0.45,-28.455,0.995,0.124,0.319,93.405
1021,5JVDIP9IBy6DJB6SVFTX5T,Muse Of History,0.368,-32.672,0.988,0.109,0.255,101.337
1022,3xdDoLDyvsMgyl1BwVaZ5E,Diaphanous,0.383,-32.031,0.993,0.104,0.148,104.922
1023,4fv0GOcz0wbPcPR0CjILUg,Dancing Dreams,0.417,-34.187,0.992,0.102,0.329,69.54
1024,3bDLjjjT1TNLUI7wnJ8uPW,Moment of Solace,0.439,-34.179,0.992,0.102,0.344,69.049
1025,5tC7qnCutl9HLMAOeUaZxo,"Dreamt, far hope...",0.386,-29.991,0.987,0.105,0.107,111.643
1026,5rfMHAaZCA8ym79TN2GdbV,Aspres,0.508,-33.418,0.995,0.104,0.674,125.013
1027,0TsKyZ33N0VP8ZXYgTXPUz,Countryside Mansion,0.492,-24.46,0.994,0.0983,0.408,85.72
1028,7yQvxdXqotBSRCAYOIOGVt,Autumn Sky,0.537,-31.067,0.995,0.105,0.174,77.963
1029,6SMHndqVp9ZdGmvzQu23ob,Chanson d’été,0.347,-26.9,0.996,0.114,0.282,66.283
1030,3pfjdDVdlQzUjJaw75NvhE,Bona Fide,0.366,-35.317,0.994,0.101,0.232,126.935
1031,5qowE02tRUQqFf3uTC8tgs,Elegie,0.473,-30.907,0.994,0.0973,0.245,79.213
1032,391l8re8aew1rvyNOXUYDD,Nostalgia,0.393,-25.533,0.995,0.109,0.354,72.845
1033,6GRjlkZ7MxKtRC4jsJzQxv,Window Seat,0.513,-24.793,0.982,0.0982,0.244,69.035
1034,0jFnlaavbGTER2XNnUztEF,Brume Matinale,0.498,-26.316,0.994,0.107,0.226,63.969
1035,1mKHZDWICROPP1gmOg1mn2,For A Moment,0.496,-31.262,0.995,0.1,0.234,68.158
1036,6fHq66kBS2OJiWu3ZGNZj9,Le Recueillement,0.462,-35.15,0.993,0.107,0.161,114.649
1037,6brQG7CUofzdsnNx3qssrh,The Old Garden,0.498,-24.146,0.993,0.105,0.222,74.292
1038,3IwddX0zjnQ7am17WdP66M,Peace flow,0.364,-33.944,0.993,0.106,0.0917,111.421
1039,4fG5KccAJKYk1EguGbGKt0,Serene,0.525,-36.824,0.99,0.113,0.207,99.734
1040,3ANR14gcrMm6asGMNVhivt,Come close,0.624,-26.379,0.992,0.113,0.594,111.45
1041,6MTI6CKlLOZapPzdT4zJLH,To Bring Rest,0.442,-28.016,0.991,0.1,0.188,89.566
1042,3eGygw8GYEYWknt1JeZAQ1,Luce,0.307,-28.823,0.986,0.0827,0.263,170.439
1043,47Dbe09uprsTUFezKfy594,Bridge Across the Ocean,0.395,-36.199,0.996,0.113,0.172,129.514
1044,2BbH50TRv9Qel8dnaE06wm,Grand Canyon,0.468,-26.863,0.993,0.11,0.647,128.215
1045,6Xk5TR63iO5EAYfgi4Hjtl,The Proposal,0.368,-34.973,0.99,0.112,0.136,122.674
1046,4QfPxrgEAfWt0DEjrR1CXw,Ellie,0.513,-26.967,0.993,0.0998,0.285,108.7
1047,58S5x2FRM1xU8Ufe2g0a2G,My Story,0.408,-29.633,0.995,0.109,0.301,58.392
1048,0X3mDFl8poPzyNQmrTe9fr,Afterlight,0.383,-30.279,0.993,0.0975,0.183,71.029
1049,7IrrIzxSk3OO48hW6dpEus,To New Beginnings,0.363,-27.182,0.993,0.105,0.304,111.604
1050,7iTKgLh1OzQHw1TwYFSMGa,Sanctuary,0.398,-25.436,0.993,0.102,0.27,57.701
1051,7J9IGMMsPyzWh2trBv6OQT,The Coming Day,0.487,-24.112,0.996,0.106,0.768,118.968
1052,4QB9QRh9xUuqKTXX9JBqyZ,The Way Home,0.532,-24.416,0.993,0.101,0.196,83.185
1053,5jJodZ6zXjMdAgumEyVKb1,Whispering Oaks,0.386,-25.432,0.991,0.112,0.165,112.445
1054,6cq7PaFrHOyOVzNyFBTCoX,Passeggiata Serale,0.62,-24.938,0.996,0.111,0.468,74.475
1055,61PEtXxbmpaVQDRNxcE0IJ,Just Stay,0.322,-31.473,0.993,0.189,0.145,67.521
1056,38GNL3kBcQafMTKT5tom7c,Fields Of Love,0.495,-31.867,0.996,0.109,0.144,111.624
1057,597H3V2av5dnxNcIDa4Yrk,Waitings,0.344,-26.873,0.99,0.0958,0.178,94.414
1058,04i9TIi97Aoh1xjrCCM0aI,Full Bloom,0.378,-24.444,0.995,0.11,0.344,91.987
1059,4zLErnaWoRXh91YcWZ2LKy,Sound Of Mind,0.418,-23.378,0.985,0.101,0.135,143.827
1060,5cm73dj9ydNYALjjUOVPhu,Deja,0.396,-26.712,0.991,0.148,0.166,63.206
1061,42cskWMuFydbI9f9um1sTj,Nordanvind,0.265,-33.766,0.991,0.097,0.35,99.932
1062,3JWltf5Em6j7uhJhSNFneD,Paths,0.503,-26.065,0.992,0.0842,0.341,75.101
1063,0kpHSnJTru2qYTk0WFDsyA,Fiume,0.361,-23.25,0.984,0.111,0.354,77.486
1064,6zo1cdRzbCvGZmJVJEk8TS,Onward,0.509,-30.485,0.99,0.185,0.37,132.55
1065,5IevvlxHT4pygUgmZlxhNy,Valse Naturelle,0.35,-26.752,0.975,0.117,0.0931,112.155
1066,4BLjftEzGWk5hqVdcWbRPM,When It´s Love,0.554,-27.169,0.995,0.112,0.279,73.762
1067,5w3O0ONMHCM9YmTS96fplL,Without End,0.529,-35.011,0.995,0.0958,0.281,95.031
1068,4k8N1HD7vWq4Hg02QfnesO,Languor,0.327,-29.57,0.99,0.0882,0.103,56.068
1069,7JuANIIOksqHRFXgE8tEld,Lisser,0.325,-27.534,0.984,0.082,0.312,94.597
1070,1f12vrnCzIvlJ4zyCDTYvp,Stille Sjø,0.358,-30.056,0.989,0.0931,0.21,75.778
1071,0Q2cbRo8CSarvKg6rGc4iK,Beauty,0.428,-29.49,0.991,0.107,0.179,89.923
1072,5VKVUectaKrr9Mq9m3fnWT,Sonnet 1,0.51,-22.334,0.973,0.11,0.286,100.176
1073,6FLe5vn84JPgAAiKz6ofkX,A Midnight Sun,0.493,-24.847,0.992,0.106,0.313,77.532
1074,1tPeUoPyQkH8xvr9MqMXT3,Elysian,0.367,-29.214,0.99,0.108,0.262,138.757
1075,4U9X7vhbPaRiYihnQOSyj5,Felt Improv No. 4,0.332,-30.234,0.992,0.124,0.246,78.327
1076,4EIbWNNAT3TqvzflNhGKyU,Pines and Cedars,0.439,-30.434,0.994,0.0969,0.16,113.805
1077,7yplIuBnFYA8eUje0Vi0UP,Peggy's Cove,0.415,-26.532,0.994,0.0946,0.204,103.774
1078,67ntAUXUgYdO3YUt04zk5E,A Time Long Ago,0.328,-28.584,0.989,0.134,0.178,95.437
1079,1xR0V8wNOmGjNd9L6lo7wM,Somewhere,0.431,-24.15,0.988,0.107,0.257,81.153
1080,2doa89JBg5ZXBKcMNZnIu2,One More Story,0.406,-26.17,0.993,0.0907,0.425,112.784
1081,3Q1HOPyyOPygEkiF5j8TDL,Light of wintertime,0.455,-25.504,0.991,0.103,0.118,76.798
1082,5HbLcDxxjtJ0800p6RjoeH,Evening Star,0.327,-27.091,0.992,0.109,0.151,166.839
1083,6rvmhiAd5jtT5CzLIcnj4p,Nouvelles Tentatives,0.405,-29.086,0.986,0.107,0.229,75.78
1084,3c2mI16b5l3zEPNsNdWqSf,Candles,0.448,-27.355,0.991,0.105,0.0953,124.602
1085,0uSyj4g5Qh5zCcbyMJufbY,Noktúrna - Upright Piano,0.434,-29.138,0.986,0.101,0.16,60.233
1086,0WM2fu4FoREAkHiD25SAOj,Les Soir,0.467,-25.797,0.994,0.107,0.192,67.32
1087,6OIKgnO4zehihKR2ba6vlm,Balloon,0.339,-29.4,0.994,0.108,0.27,66.361
1088,1DeFsFITQCaI7J881M33W9,Mercury,0.265,-32.0,0.992,0.115,0.115,81.119
1089,2t9Fi5LCyFyha1EfaPqVD9,Release from silence,0.243,-29.778,0.976,0.0981,0.127,172.937
1090,5aqsEPDq44asJ3eJDlYq1F,Printemps,0.499,-23.777,0.988,0.112,0.243,75.102
1091,0y7I045qDUH1carkgTB2UG,Turn,0.377,-32.408,0.989,0.0631,0.516,141.654
1092,7jUgBIVfc6C2YfFqFmETxz,Air from Air,0.538,-29.191,0.995,0.088,0.481,68.322
1093,0Y8MBkgAK872pVX48wWpL5,Azalea,0.351,-30.558,0.992,0.087,0.24,94.378
1094,3cn7PHrN7FdhOrH2wqPeKe,Lofoten,0.292,-30.565,0.993,0.106,0.409,87.915
1095,7zVpXNJWZTx9VFGsASdvDb,Liminal ride,0.321,-27.988,0.989,0.105,0.193,90.174
1096,3SV20Qhy0Ttd1f8fIZQiUT,Muse,0.43,-27.595,0.993,0.105,0.19,76.73
1097,3ZvBA6TQA4CTOZNOyxou90,Entangled - Ole-Bjørn Talstad Rework,0.31,-28.139,0.98,0.0978,0.148,157.343
1098,6eir7TDacjXjFscPxDFHC4,The Tree,0.225,-38.899,0.994,0.0936,0.394,67.988
1099,49VzYsJHrITQOn28WBMztb,Má sestra,0.496,-25.204,0.995,0.105,0.256,73.191
1100,0eMa3P0kQJjYqguUgKFt4y,A Place To Hide,0.435,-25.515,0.992,0.0954,0.129,78.151
